"상권별(1)","상권별(2)",상권별(3),항목,2024.3/4,2024.4/4,2025.1/4,2025.2/4,2025.3/4,2025.4/4,2026.1/4
"전국","소계",소계,임대수입 (%),99.4,99.4,99.5,99.5,99.5,99.5,99.5
"전국","소계",소계,기타수입 (%),0.6,0.6,0.5,0.5,0.5,0.5,0.5
"전국","소계",소계,운영경비 (%),38.5,12.8,13.2,13.5,42.7,14.0,14.3
"전국","소계",소계,순영업소득 (%),61.5,87.2,86.8,86.5,57.3,86.0,85.7
"전국","소계",소계,순영업소득 (천원/㎡),30.0,42.6,42.0,41.6,27.1,41.1,41.0
"서울","소계",소계,임대수입 (%),99.1,99.1,99.1,99.1,99.1,99.1,99.1
"서울","소계",소계,기타수입 (%),0.9,0.9,0.9,0.9,0.9,0.9,0.9
"서울","소계",소계,운영경비 (%),47.3,11.8,11.9,12.0,52.4,12.4,12.8
"서울","소계",소계,순영업소득 (%),52.7,88.2,88.1,88.0,47.6,87.6,87.2
"서울","소계",소계,순영업소득 (천원/㎡),58.8,99.7,99.2,99.2,52.4,98.4,98.2
"서울","소계(도심지역)",소계,임대수입 (%),99.5,99.5,99.5,99.5,99.5,99.5,99.5
"서울","소계(도심지역)",소계,기타수입 (%),0.5,0.5,0.5,0.5,0.5,0.5,0.5
"서울","소계(도심지역)",소계,운영경비 (%),45.0,12.2,12.2,11.9,47.4,11.8,12.3
"서울","소계(도심지역)",소계,순영업소득 (%),55.0,87.8,87.8,88.1,52.6,88.2,87.7
"서울","소계(도심지역)",소계,순영업소득 (천원/㎡),86.3,139.7,139.6,143.9,84.1,142.8,144.3
"서울","소계(도심지역)",광화문,임대수입 (%),100.0,100.0,100.0,100.0,100.0,100.0,100.0
"서울","소계(도심지역)",광화문,기타수입 (%),0.0,0.0,0.0,0.0,0.0,0.0,0.0
"서울","소계(도심지역)",광화문,운영경비 (%),36.1,4.9,6.4,6.4,44.3,6.4,6.3
"서울","소계(도심지역)",광화문,순영업소득 (%),63.9,95.1,93.6,93.6,55.7,93.6,93.7
"서울","소계(도심지역)",광화문,순영업소득 (천원/㎡),143.0,213.8,210.9,209.8,123.8,209.9,213.0
"서울","소계(도심지역)",남대문,임대수입 (%),100.0,100.0,100.0,100.0,100.0,100.0,100.0
"서울","소계(도심지역)",남대문,기타수입 (%),0.0,0.0,0.0,0.0,0.0,0.0,0.0
"서울","소계(도심지역)",남대문,운영경비 (%),41.3,15.3,15.7,13.6,40.6,13.8,13.6
"서울","소계(도심지역)",남대문,순영업소득 (%),58.7,84.7,84.3,86.4,59.4,86.2,86.4
"서울","소계(도심지역)",남대문,순영업소득 (천원/㎡),78.5,108.7,105.6,130.0,87.2,127.5,128.3
"서울","소계(도심지역)",동대문,임대수입 (%),100.0,100.0,100.0,100.0,100.0,100.0,100.0
"서울","소계(도심지역)",동대문,기타수입 (%),0.0,0.0,0.0,0.0,0.0,0.0,0.0
"서울","소계(도심지역)",동대문,운영경비 (%),47.7,14.4,13.7,12.8,49.4,13.3,13.2
"서울","소계(도심지역)",동대문,순영업소득 (%),52.3,85.6,86.3,87.2,50.6,86.7,86.8
"서울","소계(도심지역)",동대문,순영업소득 (천원/㎡),56.7,93.6,100.5,98.7,53.7,95.8,96.0
"서울","소계(도심지역)",명동,임대수입 (%),100.0,100.0,100.0,100.0,100.0,100.0,100.0
"서울","소계(도심지역)",명동,기타수입 (%),0.0,0.0,0.0,0.0,0.0,0.0,0.0
"서울","소계(도심지역)",명동,운영경비 (%),63.3,28.6,28.0,28.1,64.4,25.2,27.0
"서울","소계(도심지역)",명동,순영업소득 (%),36.7,71.4,72.0,71.9,35.6,74.8,73.0
"서울","소계(도심지역)",명동,순영업소득 (천원/㎡),95.1,187.5,193.5,192.8,94.0,199.4,197.8
"서울","소계(도심지역)",방산시장,임대수입 (%),100.0,100.0,100.0,100.0,100.0,100.0,100.0
"서울","소계(도심지역)",방산시장,기타수입 (%),0.0,0.0,0.0,0.0,0.0,0.0,0.0
"서울","소계(도심지역)",방산시장,운영경비 (%),29.8,7.4,8.1,8.1,33.9,8.1,8.0
"서울","소계(도심지역)",방산시장,순영업소득 (%),70.2,92.6,91.9,91.9,66.1,91.9,92.0
"서울","소계(도심지역)",방산시장,순영업소득 (천원/㎡),95.6,126.9,114.8,114.3,81.6,114.3,122.4
"서울","소계(도심지역)",북촌,임대수입 (%),100.0,100.0,100.0,100.0,100.0,100.0,100.0
"서울","소계(도심지역)",북촌,기타수입 (%),0.0,0.0,0.0,0.0,0.0,0.0,0.0
"서울","소계(도심지역)",북촌,운영경비 (%),38.9,10.5,11.5,10.2,34.6,13.3,10.5
"서울","소계(도심지역)",북촌,순영업소득 (%),61.1,89.5,88.5,89.8,65.4,86.7,89.5
"서울","소계(도심지역)",북촌,순영업소득 (천원/㎡),113.7,216.2,194.9,223.3,161.5,164.7,229.8
"서울","소계(도심지역)",서촌,임대수입 (%),100.0,100.0,100.0,100.0,100.0,100.0,100.0
"서울","소계(도심지역)",서촌,기타수입 (%),0.0,0.0,0.0,0.0,0.0,0.0,0.0
"서울","소계(도심지역)",서촌,운영경비 (%),36.5,9.3,9.4,9.2,40.6,9.4,9.3
"서울","소계(도심지역)",서촌,순영업소득 (%),63.5,90.7,90.6,90.8,59.4,90.6,90.7
"서울","소계(도심지역)",서촌,순영업소득 (천원/㎡),67.9,94.2,97.1,99.5,63.3,98.0,98.3
"서울","소계(도심지역)",시청,임대수입 (%),98.1,98.2,98.2,98.2,98.1,98.2,98.1
"서울","소계(도심지역)",시청,기타수입 (%),1.9,1.8,1.8,1.8,1.9,1.8,1.9
"서울","소계(도심지역)",시청,운영경비 (%),45.1,10.8,10.8,10.9,56.4,9.9,14.8
"서울","소계(도심지역)",시청,순영업소득 (%),54.9,89.2,89.2,89.1,43.6,90.1,85.2
"서울","소계(도심지역)",시청,순영업소득 (천원/㎡),104.1,179.8,178.9,177.9,83.4,180.0,159.0
"서울","소계(도심지역)",을지로,임대수입 (%),96.7,96.7,96.7,96.7,96.7,96.7,96.7
"서울","소계(도심지역)",을지로,기타수입 (%),3.3,3.3,3.3,3.3,3.3,3.3,3.3
"서울","소계(도심지역)",을지로,운영경비 (%),48.5,9.4,8.1,8.1,49.5,9.1,9.1
"서울","소계(도심지역)",을지로,순영업소득 (%),51.5,90.6,91.9,91.9,50.5,90.9,90.9
"서울","소계(도심지역)",을지로,순영업소득 (천원/㎡),78.7,139.6,141.2,140.6,76.5,140.2,140.3
"서울","소계(도심지역)",종로,임대수입 (%),99.5,99.5,99.5,99.5,99.5,99.5,99.5
"서울","소계(도심지역)",종로,기타수입 (%),0.5,0.5,0.5,0.5,0.5,0.5,0.5
"서울","소계(도심지역)",종로,운영경비 (%),45.0,8.3,8.3,8.3,44.1,8.6,8.5
"서울","소계(도심지역)",종로,순영업소득 (%),55.0,91.7,91.7,91.7,55.9,91.4,91.5
"서울","소계(도심지역)",종로,순영업소득 (천원/㎡),96.8,157.5,156.5,164.4,99.5,170.4,172.0
"서울","소계(도심지역)",충무로,임대수입 (%),100.0,100.0,100.0,100.0,100.0,100.0,100.0
"서울","소계(도심지역)",충무로,기타수입 (%),0.0,0.0,0.0,0.0,0.0,0.0,0.0
"서울","소계(도심지역)",충무로,운영경비 (%),41.2,9.6,8.6,8.8,45.0,8.8,8.9
"서울","소계(도심지역)",충무로,순영업소득 (%),58.8,90.4,91.4,91.2,55.0,91.2,91.1
"서울","소계(도심지역)",충무로,순영업소득 (천원/㎡),65.9,102.1,102.7,102.0,61.0,102.0,102.0
"서울","소계(강남지역)",소계,임대수입 (%),96.7,96.8,96.8,96.7,96.7,96.7,96.7
"서울","소계(강남지역)",소계,기타수입 (%),3.3,3.2,3.2,3.3,3.3,3.3,3.3
"서울","소계(강남지역)",소계,운영경비 (%),64.9,13.2,12.7,12.7,71.8,13.8,14.5
"서울","소계(강남지역)",소계,순영업소득 (%),35.1,86.8,87.3,87.3,28.2,86.2,85.5
"서울","소계(강남지역)",소계,순영업소득 (천원/㎡),45.7,115.5,115.9,116.2,36.6,114.2,115.5
"서울","소계(강남지역)",강남대로,임대수입 (%),100.0,100.0,100.0,100.0,100.0,100.0,100.0
"서울","소계(강남지역)",강남대로,기타수입 (%),0.0,0.0,0.0,0.0,0.0,0.0,0.0
"서울","소계(강남지역)",강남대로,운영경비 (%),81.1,13.7,15.2,16.8,90.1,13.7,13.7
"서울","소계(강남지역)",강남대로,순영업소득 (%),18.9,86.3,84.8,83.2,9.9,86.3,86.3
"서울","소계(강남지역)",강남대로,순영업소득 (천원/㎡),28.8,137.2,120.5,110.9,14.8,140.9,141.1
"서울","소계(강남지역)",교대역,임대수입 (%),100.0,100.0,100.0,100.0,100.0,100.0,100.0
"서울","소계(강남지역)",교대역,기타수입 (%),0.0,0.0,0.0,0.0,0.0,0.0,0.0
"서울","소계(강남지역)",교대역,운영경비 (%),96.0,11.8,11.8,12.0,102.5,7.9,14.1
"서울","소계(강남지역)",교대역,순영업소득 (%),4.0,88.2,88.2,88.0,-2.5,92.1,85.9
"서울","소계(강남지역)",교대역,순영업소득 (천원/㎡),3.6,103.8,103.7,103.8,-4.1,108.7,105.3
"서울","소계(강남지역)",남부터미널,임대수입 (%),100.0,100.0,100.0,100.0,100.0,100.0,100.0
"서울","소계(강남지역)",남부터미널,기타수입 (%),0.0,0.0,0.0,0.0,0.0,0.0,0.0
"서울","소계(강남지역)",남부터미널,운영경비 (%),57.6,12.9,12.9,13.0,66.2,18.9,17.2
"서울","소계(강남지역)",남부터미널,순영업소득 (%),42.4,87.1,87.1,87.0,33.8,81.1,82.8
"서울","소계(강남지역)",남부터미널,순영업소득 (천원/㎡),37.0,77.0,76.8,76.2,29.5,71.9,74.6
"서울","소계(강남지역)",논현역,임대수입 (%),100.0,100.0,100.0,100.0,100.0,100.0,100.0
"서울","소계(강남지역)",논현역,기타수입 (%),0.0,0.0,0.0,0.0,0.0,0.0,0.0
"서울","소계(강남지역)",논현역,운영경비 (%),50.3,25.6,21.0,20.5,59.1,20.2,20.2
"서울","소계(강남지역)",논현역,순영업소득 (%),49.7,74.4,79.0,79.5,40.9,79.8,79.8
"서울","소계(강남지역)",논현역,순영업소득 (천원/㎡),65.0,99.2,106.0,106.0,53.8,106.4,106.5
"서울","소계(강남지역)",도산대로,임대수입 (%),100.0,100.0,100.0,100.0,100.0,100.0,100.0
"서울","소계(강남지역)",도산대로,기타수입 (%),0.0,0.0,0.0,0.0,0.0,0.0,0.0
"서울","소계(강남지역)",도산대로,운영경비 (%),83.4,11.3,10.9,10.9,76.2,13.3,16.6
"서울","소계(강남지역)",도산대로,순영업소득 (%),16.6,88.7,89.1,89.1,23.8,86.7,83.4
"서울","소계(강남지역)",도산대로,순영업소득 (천원/㎡),16.2,100.1,104.4,103.9,25.9,97.8,94.2
"서울","소계(강남지역)",신사역,임대수입 (%),99.8,99.8,99.8,99.8,99.8,99.8,99.8
"서울","소계(강남지역)",신사역,기타수입 (%),0.2,0.2,0.2,0.2,0.2,0.2,0.2
"서울","소계(강남지역)",신사역,운영경비 (%),57.5,10.9,11.0,11.3,73.4,11.3,11.5
"서울","소계(강남지역)",신사역,순영업소득 (%),42.5,89.1,89.0,88.7,26.6,88.7,88.5
"서울","소계(강남지역)",신사역,순영업소득 (천원/㎡),55.2,117.3,115.5,107.0,28.1,96.2,105.1
"서울","소계(강남지역)",압구정,임대수입 (%),100.0,100.0,100.0,100.0,100.0,100.0,100.0
"서울","소계(강남지역)",압구정,기타수입 (%),0.0,0.0,0.0,0.0,0.0,0.0,0.0
"서울","소계(강남지역)",압구정,운영경비 (%),54.1,22.9,20.8,20.8,58.1,21.6,21.6
"서울","소계(강남지역)",압구정,순영업소득 (%),45.9,77.1,79.2,79.2,41.9,78.4,78.4
"서울","소계(강남지역)",압구정,순영업소득 (천원/㎡),52.7,89.2,91.3,91.0,47.5,90.1,90.3
"서울","소계(강남지역)",청담,임대수입 (%),100.0,100.0,100.0,100.0,100.0,100.0,99.4
"서울","소계(강남지역)",청담,기타수입 (%),0.0,0.0,0.0,0.0,0.0,0.0,0.6
"서울","소계(강남지역)",청담,운영경비 (%),65.9,15.0,14.2,12.8,70.4,13.7,13.7
"서울","소계(강남지역)",청담,순영업소득 (%),34.1,85.0,85.8,87.2,29.6,86.3,86.3
"서울","소계(강남지역)",청담,순영업소득 (천원/㎡),42.5,104.7,111.5,126.0,40.1,117.5,120.9
"서울","소계(강남지역)",테헤란로,임대수입 (%),86.8,86.8,86.8,86.7,86.6,86.7,86.7
"서울","소계(강남지역)",테헤란로,기타수입 (%),13.2,13.2,13.2,13.3,13.4,13.3,13.3
"서울","소계(강남지역)",테헤란로,운영경비 (%),54.8,7.2,7.3,7.3,62.0,11.3,11.3
"서울","소계(강남지역)",테헤란로,순영업소득 (%),45.2,92.8,92.7,92.7,38.0,88.7,88.7
"서울","소계(강남지역)",테헤란로,순영업소득 (천원/㎡),80.0,165.9,165.7,165.0,66.1,156.9,157.0
"서울","소계(영등포신촌지역)",소계,임대수입 (%),99.7,99.7,99.7,99.7,99.7,99.7,99.7
"서울","소계(영등포신촌지역)",소계,기타수입 (%),0.3,0.3,0.3,0.3,0.3,0.3,0.3
"서울","소계(영등포신촌지역)",소계,운영경비 (%),46.6,12.1,12.2,12.3,52.6,12.8,12.6
"서울","소계(영등포신촌지역)",소계,순영업소득 (%),53.4,87.9,87.8,87.7,47.4,87.2,87.4
"서울","소계(영등포신촌지역)",소계,순영업소득 (천원/㎡),59.2,97.7,97.9,97.3,50.0,94.7,95.4
"서울","소계(영등포신촌지역)",공덕역,임대수입 (%),100.0,100.0,100.0,100.0,100.0,100.0,100.0
"서울","소계(영등포신촌지역)",공덕역,기타수입 (%),0.0,0.0,0.0,0.0,0.0,0.0,0.0
"서울","소계(영등포신촌지역)",공덕역,운영경비 (%),39.6,9.2,9.3,9.3,43.7,10.2,10.7
"서울","소계(영등포신촌지역)",공덕역,순영업소득 (%),60.4,90.8,90.7,90.7,56.3,89.8,89.3
"서울","소계(영등포신촌지역)",공덕역,순영업소득 (천원/㎡),79.5,120.1,119.5,118.9,72.9,118.1,111.9
"서울","소계(영등포신촌지역)",당산역,임대수입 (%),99.2,99.2,99.2,99.2,99.2,99.2,99.2
"서울","소계(영등포신촌지역)",당산역,기타수입 (%),0.8,0.8,0.8,0.8,0.8,0.8,0.8
"서울","소계(영등포신촌지역)",당산역,운영경비 (%),38.4,7.7,7.7,7.8,38.2,8.0,5.3
"서울","소계(영등포신촌지역)",당산역,순영업소득 (%),61.6,92.3,92.3,92.2,61.8,92.0,94.7
"서울","소계(영등포신촌지역)",당산역,순영업소득 (천원/㎡),58.7,88.3,88.3,87.8,58.4,90.8,93.9
"서울","소계(영등포신촌지역)",동교/연남,임대수입 (%),100.0,100.0,100.0,100.0,100.0,100.0,100.0
"서울","소계(영등포신촌지역)",동교/연남,기타수입 (%),0.0,0.0,0.0,0.0,0.0,0.0,0.0
"서울","소계(영등포신촌지역)",동교/연남,운영경비 (%),30.0,12.5,12.6,12.9,37.8,13.6,13.4
"서울","소계(영등포신촌지역)",동교/연남,순영업소득 (%),70.0,87.5,87.4,87.1,62.2,86.4,86.6
"서울","소계(영등포신촌지역)",동교/연남,순영업소득 (천원/㎡),88.2,110.6,110.1,109.1,77.4,109.0,110.7
"서울","소계(영등포신촌지역)",망원역,임대수입 (%),100.0,100.0,100.0,100.0,100.0,100.0,100.0
"서울","소계(영등포신촌지역)",망원역,기타수입 (%),0.0,0.0,0.0,0.0,0.0,0.0,0.0
"서울","소계(영등포신촌지역)",망원역,운영경비 (%),41.3,16.8,17.4,17.8,50.7,18.7,18.9
"서울","소계(영등포신촌지역)",망원역,순영업소득 (%),58.7,83.2,82.6,82.2,49.3,81.3,81.1
"서울","소계(영등포신촌지역)",망원역,순영업소득 (천원/㎡),55.7,77.2,73.6,72.1,44.4,76.5,76.5
"서울","소계(영등포신촌지역)",신촌/이대,임대수입 (%),100.0,100.0,100.0,100.0,100.0,100.0,100.0
"서울","소계(영등포신촌지역)",신촌/이대,기타수입 (%),0.0,0.0,0.0,0.0,0.0,0.0,0.0
"서울","소계(영등포신촌지역)",신촌/이대,운영경비 (%),61.9,13.1,14.1,13.6,74.7,13.0,13.0
"서울","소계(영등포신촌지역)",신촌/이대,순영업소득 (%),38.1,86.9,85.9,86.4,25.3,87.0,87.0
"서울","소계(영등포신촌지역)",신촌/이대,순영업소득 (천원/㎡),36.1,83.5,88.2,88.0,23.6,84.0,84.2
"서울","소계(영등포신촌지역)",영등포역,임대수입 (%),98.7,98.7,98.7,98.7,98.7,98.7,98.7
"서울","소계(영등포신촌지역)",영등포역,기타수입 (%),1.3,1.3,1.3,1.3,1.3,1.3,1.3
"서울","소계(영등포신촌지역)",영등포역,운영경비 (%),47.8,9.9,9.3,9.5,54.3,8.7,8.6
"서울","소계(영등포신촌지역)",영등포역,순영업소득 (%),52.2,90.1,90.7,90.5,45.7,91.3,91.4
"서울","소계(영등포신촌지역)",영등포역,순영업소득 (천원/㎡),49.5,85.8,87.6,86.9,42.7,89.7,89.2
"서울","소계(영등포신촌지역)",홍대/합정,임대수입 (%),100.0,100.0,100.0,100.0,100.0,100.0,100.0
"서울","소계(영등포신촌지역)",홍대/합정,기타수입 (%),0.0,0.0,0.0,0.0,0.0,0.0,0.0
"서울","소계(영등포신촌지역)",홍대/합정,운영경비 (%),54.3,13.8,13.9,13.9,59.9,15.5,15.1
"서울","소계(영등포신촌지역)",홍대/합정,순영업소득 (%),45.7,86.2,86.1,86.1,40.1,84.5,84.9
"서울","소계(영등포신촌지역)",홍대/합정,순영업소득 (천원/㎡),57.7,109.9,109.6,109.3,44.8,96.6,100.7
"서울","소계(기타지역)",소계,임대수입 (%),99.4,99.4,99.6,99.5,99.5,99.5,99.5
"서울","소계(기타지역)",소계,기타수입 (%),0.6,0.6,0.4,0.5,0.5,0.5,0.5
"서울","소계(기타지역)",소계,운영경비 (%),42.8,11.0,11.3,11.7,48.0,12.0,12.4
"서울","소계(기타지역)",소계,순영업소득 (%),57.2,89.0,88.7,88.3,52.0,88.0,87.6
"서울","소계(기타지역)",소계,순영업소득 (천원/㎡),54.4,85.8,85.1,83.8,48.4,83.5,82.1
"서울","소계(기타지역)",가락시장,임대수입 (%),97.6,98.1,98.1,98.1,98.1,98.1,98.0
"서울","소계(기타지역)",가락시장,기타수입 (%),2.4,1.9,1.9,1.9,1.9,1.9,2.0
"서울","소계(기타지역)",가락시장,운영경비 (%),156.3,21.3,16.6,16.7,122.3,16.7,17.6
"서울","소계(기타지역)",가락시장,순영업소득 (%),-56.3,78.7,83.4,83.3,-22.3,83.3,82.4
"서울","소계(기타지역)",가락시장,순영업소득 (천원/㎡),-33.6,58.6,61.9,61.5,-17.4,61.5,57.9
"서울","소계(기타지역)",건대입구,임대수입 (%),100.0,100.0,100.0,100.0,100.0,100.0,100.0
"서울","소계(기타지역)",건대입구,기타수입 (%),0.0,0.0,0.0,0.0,0.0,0.0,0.0
"서울","소계(기타지역)",건대입구,운영경비 (%),30.0,6.2,9.3,10.9,44.6,5.8,4.4
"서울","소계(기타지역)",건대입구,순영업소득 (%),70.0,93.8,90.7,89.1,55.4,94.2,95.6
"서울","소계(기타지역)",건대입구,순영업소득 (천원/㎡),71.3,95.8,88.5,74.5,44.1,76.0,90.0
"서울","소계(기타지역)",경희대,임대수입 (%),100.0,100.0,100.0,100.0,100.0,100.0,100.0
"서울","소계(기타지역)",경희대,기타수입 (%),0.0,0.0,0.0,0.0,0.0,0.0,0.0
"서울","소계(기타지역)",경희대,운영경비 (%),33.1,9.3,9.3,9.4,37.9,10.1,11.4
"서울","소계(기타지역)",경희대,순영업소득 (%),66.9,90.7,90.7,90.6,62.1,89.9,88.6
"서울","소계(기타지역)",경희대,순영업소득 (천원/㎡),71.7,98.3,98.0,97.4,63.9,99.3,98.0
"서울","소계(기타지역)",군자,임대수입 (%),100.0,100.0,100.0,100.0,100.0,100.0,100.0
"서울","소계(기타지역)",군자,기타수입 (%),0.0,0.0,0.0,0.0,0.0,0.0,0.0
"서울","소계(기타지역)",군자,운영경비 (%),41.9,9.3,8.8,10.0,49.4,8.8,7.8
"서울","소계(기타지역)",군자,순영업소득 (%),58.1,90.7,91.2,90.0,50.6,91.2,92.2
"서울","소계(기타지역)",군자,순영업소득 (천원/㎡),43.2,65.5,65.3,64.1,36.3,69.5,70.7
"서울","소계(기타지역)",까치산역,임대수입 (%),100.0,100.0,100.0,100.0,100.0,100.0,100.0
"서울","소계(기타지역)",까치산역,기타수입 (%),0.0,0.0,0.0,0.0,0.0,0.0,0.0
"서울","소계(기타지역)",까치산역,운영경비 (%),36.4,7.1,7.1,7.6,37.1,7.7,7.7
"서울","소계(기타지역)",까치산역,순영업소득 (%),63.6,92.9,92.9,92.4,62.9,92.3,92.3
"서울","소계(기타지역)",까치산역,순영업소득 (천원/㎡),36.0,52.7,52.2,48.9,34.9,51.7,51.8
"서울","소계(기타지역)",노량진,임대수입 (%),100.0,100.0,100.0,100.0,100.0,100.0,100.0
"서울","소계(기타지역)",노량진,기타수입 (%),0.0,0.0,0.0,0.0,0.0,0.0,0.0
"서울","소계(기타지역)",노량진,운영경비 (%),53.7,20.4,20.9,19.5,59.3,23.5,19.5
"서울","소계(기타지역)",노량진,순영업소득 (%),46.3,79.6,79.1,80.5,40.7,76.5,80.5
"서울","소계(기타지역)",노량진,순영업소득 (천원/㎡),31.7,55.0,53.3,56.4,28.1,53.5,56.5
"서울","소계(기타지역)",독산/시흥,임대수입 (%),99.8,99.8,99.8,99.8,99.8,99.8,99.8
"서울","소계(기타지역)",독산/시흥,기타수입 (%),0.2,0.2,0.2,0.2,0.2,0.2,0.2
"서울","소계(기타지역)",독산/시흥,운영경비 (%),48.6,8.8,9.2,8.8,49.5,7.7,8.7
"서울","소계(기타지역)",독산/시흥,순영업소득 (%),51.4,91.2,90.8,91.2,50.5,92.3,91.3
"서울","소계(기타지역)",독산/시흥,순영업소득 (천원/㎡),37.9,67.0,69.9,69.9,38.3,71.5,65.9
"서울","소계(기타지역)",뚝섬,임대수입 (%),98.4,98.4,99.7,99.7,99.7,99.7,99.7
"서울","소계(기타지역)",뚝섬,기타수입 (%),1.6,1.6,0.3,0.3,0.3,0.3,0.3
"서울","소계(기타지역)",뚝섬,운영경비 (%),24.8,3.6,4.8,7.4,29.2,8.3,8.2
"서울","소계(기타지역)",뚝섬,순영업소득 (%),75.2,96.4,95.2,92.6,70.8,91.7,91.8
"서울","소계(기타지역)",뚝섬,순영업소득 (천원/㎡),82.0,108.2,107.5,103.6,75.6,106.0,95.9
"서울","소계(기타지역)",목동,임대수입 (%),97.3,97.3,97.3,97.3,97.3,97.4,97.4
"서울","소계(기타지역)",목동,기타수입 (%),2.7,2.7,2.7,2.7,2.7,2.6,2.6
"서울","소계(기타지역)",목동,운영경비 (%),35.0,9.9,10.0,10.0,32.6,9.7,9.3
"서울","소계(기타지역)",목동,순영업소득 (%),65.0,90.1,90.0,90.0,67.4,90.3,90.7
"서울","소계(기타지역)",목동,순영업소득 (천원/㎡),58.1,82.1,81.7,81.4,61.3,84.0,84.7
"서울","소계(기타지역)",미아사거리,임대수입 (%),100.0,100.0,100.0,100.0,100.0,100.0,100.0
"서울","소계(기타지역)",미아사거리,기타수입 (%),0.0,0.0,0.0,0.0,0.0,0.0,0.0
"서울","소계(기타지역)",미아사거리,운영경비 (%),35.5,13.7,14.8,15.1,38.4,16.1,17.2
"서울","소계(기타지역)",미아사거리,순영업소득 (%),64.5,86.3,85.2,84.9,61.6,83.9,82.8
"서울","소계(기타지역)",미아사거리,순영업소득 (천원/㎡),52.4,70.3,67.4,67.6,48.3,66.8,66.0
"서울","소계(기타지역)",불광역,임대수입 (%),100.0,100.0,100.0,100.0,100.0,100.0,100.0
"서울","소계(기타지역)",불광역,기타수입 (%),0.0,0.0,0.0,0.0,0.0,0.0,0.0
"서울","소계(기타지역)",불광역,운영경비 (%),42.4,25.1,25.2,25.3,59.1,25.3,27.0
"서울","소계(기타지역)",불광역,순영업소득 (%),57.6,74.9,74.8,74.7,40.9,74.7,73.0
"서울","소계(기타지역)",불광역,순영업소득 (천원/㎡),40.5,52.9,52.5,52.1,28.2,52.1,46.3
"서울","소계(기타지역)",사당,임대수입 (%),100.0,100.0,100.0,100.0,100.0,100.0,100.0
"서울","소계(기타지역)",사당,기타수입 (%),0.0,0.0,0.0,0.0,0.0,0.0,0.0
"서울","소계(기타지역)",사당,운영경비 (%),57.3,20.4,20.6,20.7,65.1,21.8,21.5
"서울","소계(기타지역)",사당,순영업소득 (%),42.7,79.6,79.4,79.3,34.9,78.2,78.5
"서울","소계(기타지역)",사당,순영업소득 (천원/㎡),38.1,71.6,70.6,70.2,30.4,65.9,67.1
"서울","소계(기타지역)",상계역,임대수입 (%),99.5,99.5,99.5,99.5,99.5,99.5,99.5
"서울","소계(기타지역)",상계역,기타수입 (%),0.5,0.5,0.5,0.5,0.5,0.5,0.5
"서울","소계(기타지역)",상계역,운영경비 (%),35.8,11.1,12.1,12.8,41.3,10.0,10.3
"서울","소계(기타지역)",상계역,순영업소득 (%),64.2,88.9,87.9,87.2,58.7,90.0,89.7
"서울","소계(기타지역)",상계역,순영업소득 (천원/㎡),31.5,43.7,40.4,40.0,26.9,41.9,44.3
"서울","소계(기타지역)",상봉역,임대수입 (%),100.0,100.0,100.0,100.0,100.0,100.0,100.0
"서울","소계(기타지역)",상봉역,기타수입 (%),0.0,0.0,0.0,0.0,0.0,0.0,0.0
"서울","소계(기타지역)",상봉역,운영경비 (%),28.1,8.4,8.5,8.5,30.9,13.7,13.7
"서울","소계(기타지역)",상봉역,순영업소득 (%),71.9,91.6,91.5,91.5,69.1,86.3,86.3
"서울","소계(기타지역)",상봉역,순영업소득 (천원/㎡),75.2,95.9,95.5,95.0,68.6,90.0,90.1
"서울","소계(기타지역)",서울대입구역,임대수입 (%),100.0,100.0,100.0,100.0,100.0,100.0,100.0
"서울","소계(기타지역)",서울대입구역,기타수입 (%),0.0,0.0,0.0,0.0,0.0,0.0,0.0
"서울","소계(기타지역)",서울대입구역,운영경비 (%),25.9,5.2,5.6,5.5,30.2,5.7,5.9
"서울","소계(기타지역)",서울대입구역,순영업소득 (%),74.1,94.8,94.4,94.5,69.8,94.3,94.1
"서울","소계(기타지역)",서울대입구역,순영업소득 (천원/㎡),111.9,144.2,144.5,145.1,106.7,140.9,134.3
"서울","소계(기타지역)",성신여대,임대수입 (%),99.0,99.0,99.0,99.0,99.0,99.0,99.0
"서울","소계(기타지역)",성신여대,기타수입 (%),1.0,1.0,1.0,1.0,1.0,1.0,1.0
"서울","소계(기타지역)",성신여대,운영경비 (%),28.8,7.7,7.9,8.9,32.2,10.8,16.6
"서울","소계(기타지역)",성신여대,순영업소득 (%),71.2,92.3,92.1,91.1,67.8,89.2,83.4
"서울","소계(기타지역)",성신여대,순영업소득 (천원/㎡),105.5,133.4,131.8,136.0,100.5,133.2,116.4
"서울","소계(기타지역)",수유,임대수입 (%),100.0,100.0,100.0,100.0,100.0,100.0,100.0
"서울","소계(기타지역)",수유,기타수입 (%),0.0,0.0,0.0,0.0,0.0,0.0,0.0
"서울","소계(기타지역)",수유,운영경비 (%),36.0,9.4,9.4,10.0,39.4,11.9,16.7
"서울","소계(기타지역)",수유,순영업소득 (%),64.0,90.6,90.6,90.0,60.6,88.1,83.3
"서울","소계(기타지역)",수유,순영업소득 (천원/㎡),56.9,80.1,79.8,78.8,52.7,78.7,70.3
"서울","소계(기타지역)",숙명여대,임대수입 (%),99.2,99.2,99.2,99.2,99.2,99.2,99.1
"서울","소계(기타지역)",숙명여대,기타수입 (%),0.8,0.8,0.8,0.8,0.8,0.8,0.9
"서울","소계(기타지역)",숙명여대,운영경비 (%),48.0,11.3,11.4,11.4,52.5,11.7,13.1
"서울","소계(기타지역)",숙명여대,순영업소득 (%),52.0,88.7,88.6,88.6,47.5,88.3,86.9
"서울","소계(기타지역)",숙명여대,순영업소득 (천원/㎡),54.1,92.8,92.4,91.9,48.1,90.5,84.5
"서울","소계(기타지역)",신림역,임대수입 (%),100.0,100.0,100.0,100.0,100.0,100.0,100.0
"서울","소계(기타지역)",신림역,기타수입 (%),0.0,0.0,0.0,0.0,0.0,0.0,0.0
"서울","소계(기타지역)",신림역,운영경비 (%),29.2,4.7,5.5,5.8,28.2,10.0,9.8
"서울","소계(기타지역)",신림역,순영업소득 (%),70.8,95.3,94.5,94.2,71.8,90.0,90.2
"서울","소계(기타지역)",신림역,순영업소득 (천원/㎡),92.5,123.6,123.3,122.4,92.8,110.6,111.0
"서울","소계(기타지역)",약수역,임대수입 (%),98.7,98.7,98.7,98.7,98.7,98.6,98.7
"서울","소계(기타지역)",약수역,기타수입 (%),1.3,1.3,1.3,1.3,1.3,1.4,1.3
"서울","소계(기타지역)",약수역,운영경비 (%),29.0,6.3,6.4,6.4,31.6,8.3,11.1
"서울","소계(기타지역)",약수역,순영업소득 (%),71.0,93.7,93.6,93.6,68.4,91.7,88.9
"서울","소계(기타지역)",약수역,순영업소득 (천원/㎡),107.1,141.3,139.0,137.8,100.0,127.0,133.3
"서울","소계(기타지역)",연신내,임대수입 (%),100.0,100.0,100.0,100.0,100.0,100.0,100.0
"서울","소계(기타지역)",연신내,기타수입 (%),0.0,0.0,0.0,0.0,0.0,0.0,0.0
"서울","소계(기타지역)",연신내,운영경비 (%),33.6,18.8,19.1,19.2,44.7,19.2,20.5
"서울","소계(기타지역)",연신내,순영업소득 (%),66.4,81.2,80.9,80.8,55.3,80.8,79.5
"서울","소계(기타지역)",연신내,순영업소득 (천원/㎡),58.8,75.6,73.2,72.8,49.5,73.0,67.2
"서울","소계(기타지역)",오류동역,임대수입 (%),98.6,98.6,98.5,98.4,98.5,98.5,98.6
"서울","소계(기타지역)",오류동역,기타수입 (%),1.4,1.4,1.5,1.6,1.5,1.5,1.4
"서울","소계(기타지역)",오류동역,운영경비 (%),41.6,15.7,16.4,17.5,47.8,17.6,18.0
"서울","소계(기타지역)",오류동역,순영업소득 (%),58.4,84.3,83.6,82.5,52.2,82.4,82.0
"서울","소계(기타지역)",오류동역,순영업소득 (천원/㎡),81.0,117.5,111.2,102.9,69.8,111.1,110.6
"서울","소계(기타지역)",왕십리,임대수입 (%),97.5,97.4,97.4,97.5,97.5,97.6,97.6
"서울","소계(기타지역)",왕십리,기타수입 (%),2.5,2.6,2.6,2.5,2.5,2.4,2.4
"서울","소계(기타지역)",왕십리,운영경비 (%),45.7,4.8,8.2,7.9,55.7,8.9,8.9
"서울","소계(기타지역)",왕십리,순영업소득 (%),54.3,95.2,91.8,92.1,44.3,91.1,91.1
"서울","소계(기타지역)",왕십리,순영업소득 (천원/㎡),57.9,97.7,94.3,97.9,46.8,99.7,99.9
"서울","소계(기타지역)",용산역,임대수입 (%),100.0,100.0,100.0,100.0,100.0,100.0,100.0
"서울","소계(기타지역)",용산역,기타수입 (%),0.0,0.0,0.0,0.0,0.0,0.0,0.0
"서울","소계(기타지역)",용산역,운영경비 (%),71.7,18.7,18.8,18.9,72.5,11.9,11.3
"서울","소계(기타지역)",용산역,순영업소득 (%),28.3,81.3,81.2,81.1,27.5,88.1,88.7
"서울","소계(기타지역)",용산역,순영업소득 (천원/㎡),22.2,65.5,65.2,64.9,21.4,69.1,73.1
"서울","소계(기타지역)",이태원,임대수입 (%),100.0,100.0,100.0,100.0,100.0,100.0,100.0
"서울","소계(기타지역)",이태원,기타수입 (%),0.0,0.0,0.0,0.0,0.0,0.0,0.0
"서울","소계(기타지역)",이태원,운영경비 (%),40.7,11.9,11.3,11.4,44.2,11.0,11.0
"서울","소계(기타지역)",이태원,순영업소득 (%),59.3,88.1,88.7,88.6,55.8,89.0,89.0
"서울","소계(기타지역)",이태원,순영업소득 (천원/㎡),69.7,104.1,117.8,117.2,73.1,118.1,118.2
"서울","소계(기타지역)",잠실/송파,임대수입 (%),97.8,97.8,97.8,97.7,97.7,97.7,97.7
"서울","소계(기타지역)",잠실/송파,기타수입 (%),2.2,2.2,2.2,2.3,2.3,2.3,2.3
"서울","소계(기타지역)",잠실/송파,운영경비 (%),63.9,14.4,13.7,13.8,73.4,13.8,13.8
"서울","소계(기타지역)",잠실/송파,순영업소득 (%),36.1,85.6,86.3,86.2,26.6,86.2,86.2
"서울","소계(기타지역)",잠실/송파,순영업소득 (천원/㎡),30.2,72.6,73.0,72.7,21.8,72.7,70.9
"서울","소계(기타지역)",잠실새내역,임대수입 (%),100.0,100.0,100.0,100.0,100.0,100.0,100.0
"서울","소계(기타지역)",잠실새내역,기타수입 (%),0.0,0.0,0.0,0.0,0.0,0.0,0.0
"서울","소계(기타지역)",잠실새내역,운영경비 (%),67.0,17.4,18.4,17.8,79.0,17.9,17.9
"서울","소계(기타지역)",잠실새내역,순영업소득 (%),33.0,82.6,81.6,82.2,21.0,82.1,82.1
"서울","소계(기타지역)",잠실새내역,순영업소득 (천원/㎡),21.3,54.2,50.4,52.5,13.1,52.0,52.1
"서울","소계(기타지역)",장안동,임대수입 (%),100.0,100.0,100.0,100.0,100.0,100.0,100.0
"서울","소계(기타지역)",장안동,기타수입 (%),0.0,0.0,0.0,0.0,0.0,0.0,0.0
"서울","소계(기타지역)",장안동,운영경비 (%),57.8,19.1,19.5,19.5,60.0,19.5,19.5
"서울","소계(기타지역)",장안동,순영업소득 (%),42.2,80.9,80.5,80.5,40.0,80.5,80.5
"서울","소계(기타지역)",장안동,순영업소득 (천원/㎡),28.2,54.9,54.6,54.7,26.8,54.7,54.7
"서울","소계(기타지역)",천호,임대수입 (%),100.0,100.0,100.0,100.0,100.0,100.0,100.0
"서울","소계(기타지역)",천호,기타수입 (%),0.0,0.0,0.0,0.0,0.0,0.0,0.0
"서울","소계(기타지역)",천호,운영경비 (%),59.2,9.4,9.4,9.9,67.3,11.1,11.2
"서울","소계(기타지역)",천호,순영업소득 (%),40.8,90.6,90.6,90.1,32.7,88.9,88.8
"서울","소계(기타지역)",천호,순영업소득 (천원/㎡),53.1,121.7,121.3,115.8,40.1,114.0,112.8
"서울","소계(기타지역)",청량리,임대수입 (%),99.2,99.2,99.2,99.2,99.1,99.2,99.2
"서울","소계(기타지역)",청량리,기타수입 (%),0.8,0.8,0.8,0.8,0.9,0.8,0.8
"서울","소계(기타지역)",청량리,운영경비 (%),37.4,10.0,9.6,9.7,39.6,10.7,11.4
"서울","소계(기타지역)",청량리,순영업소득 (%),62.6,90.0,90.4,90.3,60.4,89.3,88.6
"서울","소계(기타지역)",청량리,순영업소득 (천원/㎡),71.7,103.8,104.5,104.1,68.1,101.8,100.9
"서울","소계(기타지역)",혜화동,임대수입 (%),99.7,99.7,99.7,99.7,99.7,99.7,99.7
"서울","소계(기타지역)",혜화동,기타수입 (%),0.3,0.3,0.3,0.3,0.3,0.3,0.3
"서울","소계(기타지역)",혜화동,운영경비 (%),33.5,11.1,11.2,10.8,49.6,11.3,11.4
"서울","소계(기타지역)",혜화동,순영업소득 (%),66.5,88.9,88.8,89.2,50.4,88.7,88.6
"서울","소계(기타지역)",혜화동,순영업소득 (천원/㎡),89.0,119.9,118.4,117.3,60.6,114.0,114.7
"서울","소계(기타지역)",화곡,임대수입 (%),100.0,100.0,100.0,100.0,100.0,100.0,100.0
"서울","소계(기타지역)",화곡,기타수입 (%),0.0,0.0,0.0,0.0,0.0,0.0,0.0
"서울","소계(기타지역)",화곡,운영경비 (%),41.8,7.6,7.7,7.5,41.4,12.9,14.0
"서울","소계(기타지역)",화곡,순영업소득 (%),58.2,92.4,92.3,92.5,58.6,87.1,86.0
"서울","소계(기타지역)",화곡,순영업소득 (천원/㎡),35.7,57.2,56.8,57.9,38.3,57.2,54.7
"부산","소계",소계,임대수입 (%),99.9,99.9,99.9,99.7,99.7,99.7,99.7
"부산","소계",소계,기타수입 (%),0.1,0.1,0.1,0.3,0.3,0.3,0.3
"부산","소계",소계,운영경비 (%),39.6,14.4,14.7,14.9,41.6,15.2,15.2
"부산","소계",소계,순영업소득 (%),60.4,85.6,85.3,85.1,58.4,84.8,84.8
"부산","소계",소계,순영업소득 (천원/㎡),34.7,49.6,49.0,48.7,32.9,48.6,48.7
"부산","개금역",소계,임대수입 (%),100.0,100.0,100.0,100.0,100.0,100.0,100.0
"부산","개금역",소계,기타수입 (%),0.0,0.0,0.0,0.0,0.0,0.0,0.0
"부산","개금역",소계,운영경비 (%),22.6,2.2,3.4,3.4,26.0,5.5,5.5
"부산","개금역",소계,순영업소득 (%),77.4,97.8,96.6,96.6,74.0,94.5,94.5
"부산","개금역",소계,순영업소득 (천원/㎡),32.1,40.6,39.9,39.6,29.1,37.5,37.6
"부산","경성대/부경대",소계,임대수입 (%),100.0,100.0,100.0,100.0,100.0,100.0,100.0
"부산","경성대/부경대",소계,기타수입 (%),0.0,0.0,0.0,0.0,0.0,0.0,0.0
"부산","경성대/부경대",소계,운영경비 (%),28.4,5.9,8.3,7.1,31.3,8.7,11.0
"부산","경성대/부경대",소계,순영업소득 (%),71.6,94.1,91.7,92.9,68.7,91.3,89.0
"부산","경성대/부경대",소계,순영업소득 (천원/㎡),52.1,68.3,68.8,68.1,50.0,65.1,66.5
"부산","광안리",소계,임대수입 (%),100.0,100.0,100.0,100.0,100.0,100.0,100.0
"부산","광안리",소계,기타수입 (%),0.0,0.0,0.0,0.0,0.0,0.0,0.0
"부산","광안리",소계,운영경비 (%),40.0,14.9,14.9,13.6,39.9,14.4,12.9
"부산","광안리",소계,순영업소득 (%),60.0,85.1,85.1,86.4,60.1,85.6,87.1
"부산","광안리",소계,순영업소득 (천원/㎡),42.8,61.1,61.4,62.1,42.9,61.3,57.4
"부산","구서동/금정구청",소계,임대수입 (%),100.0,100.0,100.0,100.0,100.0,100.0,100.0
"부산","구서동/금정구청",소계,기타수입 (%),0.0,0.0,0.0,0.0,0.0,0.0,0.0
"부산","구서동/금정구청",소계,운영경비 (%),25.0,5.5,5.8,6.1,27.5,6.8,6.9
"부산","구서동/금정구청",소계,순영업소득 (%),75.0,94.5,94.2,93.9,72.5,93.2,93.1
"부산","구서동/금정구청",소계,순영업소득 (천원/㎡),51.3,64.8,62.0,59.2,46.4,59.0,59.0
"부산","남포동",소계,임대수입 (%),100.0,100.0,100.0,100.0,100.0,100.0,100.0
"부산","남포동",소계,기타수입 (%),0.0,0.0,0.0,0.0,0.0,0.0,0.0
"부산","남포동",소계,운영경비 (%),32.7,6.2,7.9,8.6,33.5,7.0,7.0
"부산","남포동",소계,순영업소득 (%),67.3,93.8,92.1,91.4,66.5,93.0,93.0
"부산","남포동",소계,순영업소득 (천원/㎡),49.6,72.7,71.1,69.3,50.5,72.5,72.5
"부산","남항동",소계,임대수입 (%),100.0,100.0,100.0,100.0,100.0,100.0,100.0
"부산","남항동",소계,기타수입 (%),0.0,0.0,0.0,0.0,0.0,0.0,0.0
"부산","남항동",소계,운영경비 (%),44.2,23.8,23.9,24.9,47.2,24.9,24.9
"부산","남항동",소계,순영업소득 (%),55.8,76.2,76.1,75.1,52.8,75.1,75.1
"부산","남항동",소계,순영업소득 (천원/㎡),16.2,22.6,22.4,21.4,14.9,21.4,21.4
"부산","덕천역",소계,임대수입 (%),100.0,100.0,100.0,100.0,100.0,100.0,100.0
"부산","덕천역",소계,기타수입 (%),0.0,0.0,0.0,0.0,0.0,0.0,0.0
"부산","덕천역",소계,운영경비 (%),81.3,65.3,67.8,62.6,79.4,60.2,57.7
"부산","덕천역",소계,순영업소득 (%),18.7,34.7,32.2,37.4,20.6,39.8,42.3
"부산","덕천역",소계,순영업소득 (천원/㎡),10.9,20.6,18.3,22.2,11.9,23.4,24.7
"부산","동래역",소계,임대수입 (%),99.9,99.9,99.9,99.9,99.9,99.9,99.9
"부산","동래역",소계,기타수입 (%),0.1,0.1,0.1,0.1,0.1,0.1,0.1
"부산","동래역",소계,운영경비 (%),41.2,18.4,17.3,16.4,48.1,17.6,17.0
"부산","동래역",소계,순영업소득 (%),58.8,81.6,82.7,83.6,51.9,82.4,83.0
"부산","동래역",소계,순영업소득 (천원/㎡),30.3,43.1,43.5,45.9,27.4,45.4,45.8
"부산","부산대학앞",소계,임대수입 (%),98.2,98.1,98.0,98.1,98.1,98.1,98.1
"부산","부산대학앞",소계,기타수입 (%),1.8,1.9,2.0,1.9,1.9,1.9,1.9
"부산","부산대학앞",소계,운영경비 (%),53.5,31.6,33.3,31.7,61.3,29.7,29.7
"부산","부산대학앞",소계,순영업소득 (%),46.5,68.4,66.7,68.3,38.7,70.3,70.3
"부산","부산대학앞",소계,순영업소득 (천원/㎡),27.1,38.4,35.6,38.2,21.2,39.0,39.1
"부산","부산역",소계,임대수입 (%),100.0,100.0,100.0,100.0,100.0,100.0,100.0
"부산","부산역",소계,기타수입 (%),0.0,0.0,0.0,0.0,0.0,0.0,0.0
"부산","부산역",소계,운영경비 (%),35.6,11.9,11.8,12.2,35.7,12.2,12.6
"부산","부산역",소계,순영업소득 (%),64.4,88.1,88.2,87.8,64.3,87.8,87.4
"부산","부산역",소계,순영업소득 (천원/㎡),39.0,52.4,52.1,51.5,37.5,51.6,51.3
"부산","부전시장",소계,임대수입 (%),100.0,100.0,100.0,100.0,100.0,100.0,100.0
"부산","부전시장",소계,기타수입 (%),0.0,0.0,0.0,0.0,0.0,0.0,0.0
"부산","부전시장",소계,운영경비 (%),39.8,9.5,11.0,12.2,37.6,10.8,10.8
"부산","부전시장",소계,순영업소득 (%),60.2,90.5,89.0,87.8,62.4,89.2,89.2
"부산","부전시장",소계,순영업소득 (천원/㎡),50.1,75.6,73.4,70.9,52.2,75.1,75.5
"부산","사상역",소계,임대수입 (%),99.3,99.3,99.3,99.3,99.3,99.3,99.3
"부산","사상역",소계,기타수입 (%),0.7,0.7,0.7,0.7,0.7,0.7,0.7
"부산","사상역",소계,운영경비 (%),32.6,12.6,12.6,12.6,34.2,10.1,10.5
"부산","사상역",소계,순영업소득 (%),67.4,87.4,87.4,87.4,65.8,89.9,89.5
"부산","사상역",소계,순영업소득 (천원/㎡),34.9,45.3,45.4,45.1,32.7,44.8,46.1
"부산","사직야구장",소계,임대수입 (%),100.0,100.0,100.0,100.0,100.0,100.0,100.0
"부산","사직야구장",소계,기타수입 (%),0.0,0.0,0.0,0.0,0.0,0.0,0.0
"부산","사직야구장",소계,운영경비 (%),37.2,15.3,15.4,15.5,38.5,15.9,15.9
"부산","사직야구장",소계,순영업소득 (%),62.8,84.7,84.6,84.5,61.5,84.1,84.1
"부산","사직야구장",소계,순영업소득 (천원/㎡),32.5,44.0,43.7,43.4,31.4,46.0,46.1
"부산","서면/전포",소계,임대수입 (%),100.0,100.0,100.0,100.0,100.0,100.0,100.0
"부산","서면/전포",소계,기타수입 (%),0.0,0.0,0.0,0.0,0.0,0.0,0.0
"부산","서면/전포",소계,운영경비 (%),36.0,8.7,9.5,10.1,32.2,14.8,15.8
"부산","서면/전포",소계,순영업소득 (%),64.0,91.3,90.5,89.9,67.8,85.2,84.2
"부산","서면/전포",소계,순영업소득 (천원/㎡),44.7,65.6,66.8,64.6,46.1,58.6,59.0
"부산","송정해수욕장",소계,임대수입 (%),100.0,100.0,100.0,100.0,100.0,100.0,100.0
"부산","송정해수욕장",소계,기타수입 (%),0.0,0.0,0.0,0.0,0.0,0.0,0.0
"부산","송정해수욕장",소계,운영경비 (%),49.3,13.8,13.1,13.7,48.5,12.6,12.6
"부산","송정해수욕장",소계,순영업소득 (%),50.7,86.2,86.9,86.3,51.5,87.4,87.4
"부산","송정해수욕장",소계,순영업소득 (천원/㎡),26.3,45.1,43.1,44.9,26.4,45.3,45.4
"부산","수영역",소계,임대수입 (%),100.0,100.0,100.0,100.0,100.0,100.0,100.0
"부산","수영역",소계,기타수입 (%),0.0,0.0,0.0,0.0,0.0,0.0,0.0
"부산","수영역",소계,운영경비 (%),36.1,9.2,9.6,11.0,41.9,11.2,13.6
"부산","수영역",소계,순영업소득 (%),63.9,90.8,90.4,89.0,58.1,88.8,86.4
"부산","수영역",소계,순영업소득 (천원/㎡),36.2,51.6,51.1,50.0,32.5,50.1,48.7
"부산","연산로터리",소계,임대수입 (%),100.0,100.0,100.0,100.0,100.0,100.0,100.0
"부산","연산로터리",소계,기타수입 (%),0.0,0.0,0.0,0.0,0.0,0.0,0.0
"부산","연산로터리",소계,운영경비 (%),45.8,11.5,11.5,11.6,48.6,12.7,12.5
"부산","연산로터리",소계,순영업소득 (%),54.2,88.5,88.5,88.4,51.4,87.3,87.5
"부산","연산로터리",소계,순영업소득 (천원/㎡),28.2,46.3,46.0,45.7,25.9,45.2,45.4
"부산","온천장",소계,임대수입 (%),100.0,100.0,100.0,100.0,100.0,100.0,100.0
"부산","온천장",소계,기타수입 (%),0.0,0.0,0.0,0.0,0.0,0.0,0.0
"부산","온천장",소계,운영경비 (%),43.2,14.1,14.1,17.0,49.3,17.2,16.5
"부산","온천장",소계,순영업소득 (%),56.8,85.9,85.9,83.0,50.7,82.8,83.5
"부산","온천장",소계,순영업소득 (천원/㎡),24.7,37.6,37.4,35.1,20.1,33.9,34.3
"부산","하단역",소계,임대수입 (%),100.0,100.0,100.0,100.0,100.0,100.0,100.0
"부산","하단역",소계,기타수입 (%),0.0,0.0,0.0,0.0,0.0,0.0,0.0
"부산","하단역",소계,운영경비 (%),34.1,8.5,8.5,8.1,33.7,8.1,8.1
"부산","하단역",소계,순영업소득 (%),65.9,91.5,91.5,91.9,66.3,91.9,91.9
"부산","하단역",소계,순영업소득 (천원/㎡),37.5,50.4,50.0,52.8,37.8,52.8,52.9
"부산","해운대",소계,임대수입 (%),100.0,100.0,100.0,98.1,98.2,98.1,98.2
"부산","해운대",소계,기타수입 (%),0.0,0.0,0.0,1.9,1.8,1.9,1.8
"부산","해운대",소계,운영경비 (%),37.7,11.9,9.5,9.9,38.9,12.6,12.0
"부산","해운대",소계,순영업소득 (%),62.3,88.1,90.5,90.1,61.1,87.4,88.0
"부산","해운대",소계,순영업소득 (천원/㎡),55.7,81.4,79.9,81.0,54.7,78.6,82.8
"부산","현대백화점주변",소계,임대수입 (%),100.0,100.0,100.0,100.0,100.0,99.2,99.3
"부산","현대백화점주변",소계,기타수입 (%),0.0,0.0,0.0,0.0,0.0,0.8,0.7
"부산","현대백화점주변",소계,운영경비 (%),40.5,13.7,13.7,14.5,46.1,14.4,17.6
"부산","현대백화점주변",소계,순영업소득 (%),59.5,86.3,86.3,85.5,53.9,85.6,82.4
"부산","현대백화점주변",소계,순영업소득 (천원/㎡),28.4,41.7,41.3,36.9,22.7,38.0,39.3
"대구","소계",소계,임대수입 (%),99.5,99.5,99.5,99.5,99.5,99.9,99.9
"대구","소계",소계,기타수입 (%),0.5,0.5,0.5,0.5,0.5,0.1,0.1
"대구","소계",소계,운영경비 (%),33.5,8.2,8.9,9.5,37.7,10.8,10.2
"대구","소계",소계,순영업소득 (%),66.5,91.8,91.1,90.5,62.3,89.2,89.8
"대구","소계",소계,순영업소득 (천원/㎡),31.0,42.4,41.7,41.4,28.1,40.3,40.3
"대구","경북대북문",소계,임대수입 (%),100.0,100.0,100.0,100.0,100.0,100.0,100.0
"대구","경북대북문",소계,기타수입 (%),0.0,0.0,0.0,0.0,0.0,0.0,0.0
"대구","경북대북문",소계,운영경비 (%),12.7,1.0,1.4,1.4,15.3,3.7,3.7
"대구","경북대북문",소계,순영업소득 (%),87.3,99.0,98.6,98.6,84.7,96.3,96.3
"대구","경북대북문",소계,순영업소득 (천원/㎡),35.0,39.2,39.4,36.8,31.5,34.6,34.7
"대구","동대구",소계,임대수입 (%),100.0,100.0,100.0,100.0,100.0,100.0,100.0
"대구","동대구",소계,기타수입 (%),0.0,0.0,0.0,0.0,0.0,0.0,0.0
"대구","동대구",소계,운영경비 (%),36.0,9.5,8.7,8.8,37.4,8.6,8.6
"대구","동대구",소계,순영업소득 (%),64.0,90.5,91.3,91.2,62.6,91.4,91.4
"대구","동대구",소계,순영업소득 (천원/㎡),15.1,21.4,23.5,23.3,15.9,23.4,23.5
"대구","동성로중심",소계,임대수입 (%),97.5,97.5,97.3,97.3,97.4,100.0,100.0
"대구","동성로중심",소계,기타수입 (%),2.5,2.5,2.7,2.7,2.6,0.0,0.0
"대구","동성로중심",소계,운영경비 (%),28.7,4.9,5.8,6.2,30.6,5.9,6.0
"대구","동성로중심",소계,순영업소득 (%),71.3,95.1,94.2,93.8,69.4,94.1,94.0
"대구","동성로중심",소계,순영업소득 (천원/㎡),45.3,60.5,56.7,56.2,43.1,56.4,55.0
"대구","두류감삼역",소계,임대수입 (%),100.0,100.0,100.0,100.0,100.0,100.0,100.0
"대구","두류감삼역",소계,기타수입 (%),0.0,0.0,0.0,0.0,0.0,0.0,0.0
"대구","두류감삼역",소계,운영경비 (%),37.6,13.3,12.5,11.6,39.1,12.6,12.4
"대구","두류감삼역",소계,순영업소득 (%),62.4,86.7,87.5,88.4,60.9,87.4,87.6
"대구","두류감삼역",소계,순영업소득 (천원/㎡),28.1,38.8,40.4,40.2,26.4,38.7,40.1
"대구","들안길",소계,임대수입 (%),100.0,100.0,100.0,100.0,100.0,100.0,100.0
"대구","들안길",소계,기타수입 (%),0.0,0.0,0.0,0.0,0.0,0.0,0.0
"대구","들안길",소계,운영경비 (%),46.4,7.8,7.9,8.3,56.5,8.2,9.6
"대구","들안길",소계,순영업소득 (%),53.6,92.2,92.1,91.7,43.5,91.8,90.4
"대구","들안길",소계,순영업소득 (천원/㎡),24.8,42.9,42.6,40.4,18.7,40.9,40.3
"대구","삼덕/대봉",소계,임대수입 (%),100.0,100.0,100.0,100.0,100.0,100.0,100.0
"대구","삼덕/대봉",소계,기타수입 (%),0.0,0.0,0.0,0.0,0.0,0.0,0.0
"대구","삼덕/대봉",소계,운영경비 (%),22.6,6.8,6.9,7.3,27.3,10.8,6.7
"대구","삼덕/대봉",소계,순영업소득 (%),77.4,93.2,93.1,92.7,72.7,89.2,93.3
"대구","삼덕/대봉",소계,순영업소득 (천원/㎡),47.2,52.9,55.9,57.3,45.3,56.5,58.6
"대구","상인/월배",소계,임대수입 (%),100.0,100.0,100.0,100.0,100.0,100.0,100.0
"대구","상인/월배",소계,기타수입 (%),0.0,0.0,0.0,0.0,0.0,0.0,0.0
"대구","상인/월배",소계,운영경비 (%),33.6,12.8,12.8,19.9,39.0,20.0,19.9
"대구","상인/월배",소계,순영업소득 (%),66.4,87.2,87.2,80.1,61.0,80.0,80.1
"대구","상인/월배",소계,순영업소득 (천원/㎡),45.4,59.8,59.5,54.4,38.4,50.6,50.4
"대구","서문시장/청라언덕",소계,임대수입 (%),100.0,100.0,100.0,100.0,100.0,100.0,100.0
"대구","서문시장/청라언덕",소계,기타수입 (%),0.0,0.0,0.0,0.0,0.0,0.0,0.0
"대구","서문시장/청라언덕",소계,운영경비 (%),45.5,12.7,12.8,12.8,42.2,11.1,11.1
"대구","서문시장/청라언덕",소계,순영업소득 (%),54.5,87.3,87.2,87.2,57.8,88.9,88.9
"대구","서문시장/청라언덕",소계,순영업소득 (천원/㎡),19.5,32.8,32.6,32.5,21.3,33.1,33.1
"대구","수성범어",소계,임대수입 (%),100.0,100.0,100.0,100.0,100.0,100.0,100.0
"대구","수성범어",소계,기타수입 (%),0.0,0.0,0.0,0.0,0.0,0.0,0.0
"대구","수성범어",소계,운영경비 (%),35.2,5.7,8.5,10.1,42.1,10.9,10.8
"대구","수성범어",소계,순영업소득 (%),64.8,94.3,91.5,89.9,57.9,89.1,89.2
"대구","수성범어",소계,순영업소득 (천원/㎡),28.9,41.1,37.9,38.2,25.4,38.1,38.2
"대구","시지지구",소계,임대수입 (%),100.0,100.0,100.0,100.0,100.0,100.0,100.0
"대구","시지지구",소계,기타수입 (%),0.0,0.0,0.0,0.0,0.0,0.0,0.0
"대구","시지지구",소계,운영경비 (%),48.7,11.3,11.3,11.4,50.5,11.7,12.1
"대구","시지지구",소계,순영업소득 (%),51.3,88.7,88.7,88.6,49.5,88.3,87.9
"대구","시지지구",소계,순영업소득 (천원/㎡),31.1,54.1,53.8,53.6,29.6,53.3,51.3
"대구","월촌/안지랑",소계,임대수입 (%),100.0,100.0,100.0,100.0,100.0,100.0,100.0
"대구","월촌/안지랑",소계,기타수입 (%),0.0,0.0,0.0,0.0,0.0,0.0,0.0
"대구","월촌/안지랑",소계,운영경비 (%),38.3,13.3,16.7,16.9,44.5,25.6,26.2
"대구","월촌/안지랑",소계,순영업소득 (%),61.7,86.7,83.3,83.1,55.5,74.4,73.8
"대구","월촌/안지랑",소계,순영업소득 (천원/㎡),21.7,30.6,29.1,28.8,19.3,23.3,22.2
"대구","죽전역",소계,임대수입 (%),100.0,100.0,100.0,100.0,100.0,100.0,100.0
"대구","죽전역",소계,기타수입 (%),0.0,0.0,0.0,0.0,0.0,0.0,0.0
"대구","죽전역",소계,운영경비 (%),39.1,8.2,7.2,7.3,44.7,5.5,5.5
"대구","죽전역",소계,순영업소득 (%),60.9,91.8,92.8,92.7,55.3,94.5,94.5
"대구","죽전역",소계,순영업소득 (천원/㎡),23.9,33.8,33.9,33.6,19.8,34.3,34.3
"대구","칠곡",소계,임대수입 (%),100.0,100.0,100.0,100.0,100.0,100.0,100.0
"대구","칠곡",소계,기타수입 (%),0.0,0.0,0.0,0.0,0.0,0.0,0.0
"대구","칠곡",소계,운영경비 (%),36.3,4.7,6.1,6.3,33.3,9.3,9.3
"대구","칠곡",소계,순영업소득 (%),63.7,95.3,93.9,93.7,66.7,90.7,90.7
"대구","칠곡",소계,순영업소득 (천원/㎡),32.8,49.3,50.8,53.9,38.2,53.6,53.7
"인천","소계",소계,임대수입 (%),100.0,100.0,100.0,100.0,99.9,99.9,99.9
"인천","소계",소계,기타수입 (%),0.0,0.0,0.0,0.0,0.1,0.1,0.1
"인천","소계",소계,운영경비 (%),35.6,16.1,17.2,17.8,43.8,18.8,18.7
"인천","소계",소계,순영업소득 (%),64.4,83.9,82.8,82.2,56.2,81.2,81.3
"인천","소계",소계,순영업소득 (천원/㎡),30.3,39.7,37.5,36.5,24.5,35.2,36.4
"인천","간석오거리",소계,임대수입 (%),100.0,100.0,100.0,100.0,100.0,100.0,100.0
"인천","간석오거리",소계,기타수입 (%),0.0,0.0,0.0,0.0,0.0,0.0,0.0
"인천","간석오거리",소계,운영경비 (%),40.8,23.1,25.5,25.6,54.1,32.0,32.8
"인천","간석오거리",소계,순영업소득 (%),59.2,76.9,74.5,74.4,45.9,68.0,67.2
"인천","간석오거리",소계,순영업소득 (천원/㎡),25.4,33.6,33.3,33.1,20.3,29.8,29.5
"인천","검단사거리완정역",소계,임대수입 (%),100.0,100.0,100.0,100.0,100.0,100.0,100.0
"인천","검단사거리완정역",소계,기타수입 (%),0.0,0.0,0.0,0.0,0.0,0.0,0.0
"인천","검단사거리완정역",소계,운영경비 (%),40.1,13.3,13.4,14.5,51.4,13.2,12.5
"인천","검단사거리완정역",소계,순영업소득 (%),59.9,86.7,86.6,85.5,48.6,86.8,87.5
"인천","검단사거리완정역",소계,순영업소득 (천원/㎡),37.3,56.5,56.1,55.0,29.9,52.8,54.5
"인천","계양계산",소계,임대수입 (%),100.0,100.0,100.0,100.0,100.0,100.0,100.0
"인천","계양계산",소계,기타수입 (%),0.0,0.0,0.0,0.0,0.0,0.0,0.0
"인천","계양계산",소계,운영경비 (%),41.6,21.9,21.4,21.5,43.2,22.1,22.0
"인천","계양계산",소계,순영업소득 (%),58.4,78.1,78.6,78.5,56.8,77.9,78.0
"인천","계양계산",소계,순영업소득 (천원/㎡),36.1,48.4,48.5,48.1,34.2,47.0,47.0
"인천","구월",소계,임대수입 (%),100.0,100.0,100.0,100.0,100.0,100.0,100.0
"인천","구월",소계,기타수입 (%),0.0,0.0,0.0,0.0,0.0,0.0,0.0
"인천","구월",소계,운영경비 (%),39.4,26.1,35.4,30.8,63.0,30.8,25.2
"인천","구월",소계,순영업소득 (%),60.6,73.9,64.6,69.2,37.0,69.2,74.8
"인천","구월",소계,순영업소득 (천원/㎡),27.2,26.1,16.8,21.0,11.0,21.0,29.5
"인천","부평",소계,임대수입 (%),100.0,100.0,100.0,100.0,100.0,100.0,100.0
"인천","부평",소계,기타수입 (%),0.0,0.0,0.0,0.0,0.0,0.0,0.0
"인천","부평",소계,운영경비 (%),30.5,9.9,11.0,12.3,44.5,13.6,14.2
"인천","부평",소계,순영업소득 (%),69.5,90.1,89.0,87.7,55.5,86.4,85.8
"인천","부평",소계,순영업소득 (천원/㎡),56.3,73.2,66.8,59.9,37.4,56.3,61.0
"인천","석남/가정중앙시장",소계,임대수입 (%),100.0,100.0,100.0,100.0,100.0,100.0,100.0
"인천","석남/가정중앙시장",소계,기타수입 (%),0.0,0.0,0.0,0.0,0.0,0.0,0.0
"인천","석남/가정중앙시장",소계,운영경비 (%),39.4,16.6,15.4,15.5,39.8,16.3,17.4
"인천","석남/가정중앙시장",소계,순영업소득 (%),60.6,83.4,84.6,84.5,60.2,83.7,82.6
"인천","석남/가정중앙시장",소계,순영업소득 (천원/㎡),20.1,27.6,27.8,27.7,19.6,27.4,26.4
"인천","신포동",소계,임대수입 (%),100.0,100.0,100.0,100.0,100.0,100.0,100.0
"인천","신포동",소계,기타수입 (%),0.0,0.0,0.0,0.0,0.0,0.0,0.0
"인천","신포동",소계,운영경비 (%),34.9,20.5,22.7,24.0,42.1,24.7,24.6
"인천","신포동",소계,순영업소득 (%),65.1,79.5,77.3,76.0,57.9,75.3,75.4
"인천","신포동",소계,순영업소득 (천원/㎡),21.9,26.8,23.8,22.2,16.4,22.4,22.8
"인천","인천서구청",소계,임대수입 (%),100.0,100.0,100.0,100.0,100.0,100.0,100.0
"인천","인천서구청",소계,기타수입 (%),0.0,0.0,0.0,0.0,0.0,0.0,0.0
"인천","인천서구청",소계,운영경비 (%),27.6,11.6,11.6,11.7,36.9,12.9,13.4
"인천","인천서구청",소계,순영업소득 (%),72.4,88.4,88.4,88.3,63.1,87.1,86.6
"인천","인천서구청",소계,순영업소득 (천원/㎡),31.9,39.0,38.8,38.6,25.0,34.7,34.6
"인천","주안",소계,임대수입 (%),100.0,100.0,100.0,100.0,100.0,100.0,100.0
"인천","주안",소계,기타수입 (%),0.0,0.0,0.0,0.0,0.0,0.0,0.0
"인천","주안",소계,운영경비 (%),41.6,17.3,18.5,18.4,44.6,18.7,18.7
"인천","주안",소계,순영업소득 (%),58.4,82.7,81.5,81.6,55.4,81.3,81.3
"인천","주안",소계,순영업소득 (천원/㎡),21.9,31.1,29.3,30.5,20.5,30.3,30.3
"광주","소계",소계,임대수입 (%),100.0,100.0,100.0,100.0,100.0,100.0,100.0
"광주","소계",소계,기타수입 (%),0.0,0.0,0.0,0.0,0.0,0.0,0.0
"광주","소계",소계,운영경비 (%),34.6,16.2,16.3,17.0,38.1,18.3,18.0
"광주","소계",소계,순영업소득 (%),65.4,83.8,83.7,83.0,61.9,81.7,82.0
"광주","소계",소계,순영업소득 (천원/㎡),25.2,32.6,32.6,31.8,23.0,30.6,30.5
"광주","금남로/충장로",소계,임대수입 (%),100.0,100.0,100.0,100.0,100.0,100.0,100.0
"광주","금남로/충장로",소계,기타수입 (%),0.0,0.0,0.0,0.0,0.0,0.0,0.0
"광주","금남로/충장로",소계,운영경비 (%),37.7,17.0,19.7,20.7,46.4,22.1,20.7
"광주","금남로/충장로",소계,순영업소득 (%),62.3,83.0,80.3,79.3,53.6,77.9,79.3
"광주","금남로/충장로",소계,순영업소득 (천원/㎡),26.4,36.5,35.1,33.0,21.5,31.9,31.5
"광주","금호지구",소계,임대수입 (%),100.0,100.0,100.0,100.0,100.0,100.0,100.0
"광주","금호지구",소계,기타수입 (%),0.0,0.0,0.0,0.0,0.0,0.0,0.0
"광주","금호지구",소계,운영경비 (%),14.6,2.8,2.8,2.8,15.3,2.8,2.8
"광주","금호지구",소계,순영업소득 (%),85.4,97.2,97.2,97.2,84.7,97.2,97.2
"광주","금호지구",소계,순영업소득 (천원/㎡),55.9,63.6,62.9,62.3,54.0,62.3,62.4
"광주","봉선동",소계,임대수입 (%),100.0,100.0,100.0,100.0,100.0,100.0,100.0
"광주","봉선동",소계,기타수입 (%),0.0,0.0,0.0,0.0,0.0,0.0,0.0
"광주","봉선동",소계,운영경비 (%),32.0,15.1,15.2,14.4,33.2,14.7,12.0
"광주","봉선동",소계,순영업소득 (%),68.0,84.9,84.8,85.6,66.8,85.3,88.0
"광주","봉선동",소계,순영업소득 (천원/㎡),17.5,21.8,21.7,21.8,16.8,20.0,20.7
"광주","상무지구",소계,임대수입 (%),100.0,100.0,100.0,100.0,100.0,100.0,100.0
"광주","상무지구",소계,기타수입 (%),0.0,0.0,0.0,0.0,0.0,0.0,0.0
"광주","상무지구",소계,운영경비 (%),41.8,12.2,12.4,12.6,47.7,15.6,14.7
"광주","상무지구",소계,순영업소득 (%),58.2,87.8,87.6,87.4,52.3,84.4,85.3
"광주","상무지구",소계,순영업소득 (천원/㎡),30.6,46.4,45.9,45.4,25.1,43.9,44.4
"광주","송정동지구",소계,임대수입 (%),100.0,100.0,100.0,100.0,100.0,100.0,100.0
"광주","송정동지구",소계,기타수입 (%),0.0,0.0,0.0,0.0,0.0,0.0,0.0
"광주","송정동지구",소계,운영경비 (%),39.1,16.0,16.7,16.8,42.9,17.9,13.8
"광주","송정동지구",소계,순영업소득 (%),60.9,84.0,83.3,83.2,57.1,82.1,86.2
"광주","송정동지구",소계,순영업소득 (천원/㎡),26.4,36.6,37.7,37.4,25.2,36.6,38.5
"광주","양산지구",소계,임대수입 (%),100.0,100.0,100.0,100.0,100.0,100.0,100.0
"광주","양산지구",소계,기타수입 (%),0.0,0.0,0.0,0.0,0.0,0.0,0.0
"광주","양산지구",소계,운영경비 (%),30.8,11.7,11.8,14.7,33.8,16.8,16.8
"광주","양산지구",소계,순영업소득 (%),69.2,88.3,88.2,85.3,66.2,83.2,83.2
"광주","양산지구",소계,순영업소득 (천원/㎡),25.4,32.5,32.3,32.2,24.9,31.4,31.5
"광주","용봉동",소계,임대수입 (%),100.0,100.0,100.0,100.0,100.0,100.0,100.0
"광주","용봉동",소계,기타수입 (%),0.0,0.0,0.0,0.0,0.0,0.0,0.0
"광주","용봉동",소계,운영경비 (%),38.5,22.4,19.0,19.9,37.0,21.0,20.4
"광주","용봉동",소계,순영업소득 (%),61.5,77.6,81.0,80.1,63.0,79.0,79.6
"광주","용봉동",소계,순영업소득 (천원/㎡),17.3,23.2,24.9,23.6,18.4,23.4,24.1
"광주","월산동지구",소계,임대수입 (%),100.0,100.0,100.0,100.0,100.0,100.0,100.0
"광주","월산동지구",소계,기타수입 (%),0.0,0.0,0.0,0.0,0.0,0.0,0.0
"광주","월산동지구",소계,운영경비 (%),26.5,14.9,14.6,15.0,29.6,15.9,14.9
"광주","월산동지구",소계,순영업소득 (%),73.5,85.1,85.4,85.0,70.4,84.1,85.1
"광주","월산동지구",소계,순영업소득 (천원/㎡),24.3,27.6,27.7,26.8,21.8,27.0,27.9
"광주","전남대",소계,임대수입 (%),100.0,100.0,100.0,100.0,100.0,100.0,100.0
"광주","전남대",소계,기타수입 (%),0.0,0.0,0.0,0.0,0.0,0.0,0.0
"광주","전남대",소계,운영경비 (%),28.4,13.9,12.9,13.9,32.0,16.6,16.6
"광주","전남대",소계,순영업소득 (%),71.6,86.1,87.1,86.1,68.0,83.4,83.4
"광주","전남대",소계,순영업소득 (천원/㎡),26.9,32.2,32.4,31.5,22.5,26.3,21.5
"광주","첨단1지구",소계,임대수입 (%),100.0,100.0,100.0,100.0,100.0,100.0,100.0
"광주","첨단1지구",소계,기타수입 (%),0.0,0.0,0.0,0.0,0.0,0.0,0.0
"광주","첨단1지구",소계,운영경비 (%),38.3,18.5,18.6,21.9,46.8,24.6,24.2
"광주","첨단1지구",소계,순영업소득 (%),61.7,81.5,81.4,78.1,53.2,75.4,75.8
"광주","첨단1지구",소계,순영업소득 (천원/㎡),34.3,45.7,45.4,43.4,26.1,37.3,38.1
"대전","소계",소계,임대수입 (%),99.6,99.6,99.6,99.6,99.6,100.0,100.0
"대전","소계",소계,기타수입 (%),0.4,0.4,0.4,0.4,0.4,0.0,0.0
"대전","소계",소계,운영경비 (%),37.4,11.6,11.4,11.7,40.3,12.0,12.5
"대전","소계",소계,순영업소득 (%),62.6,88.4,88.6,88.3,59.7,88.0,87.5
"대전","소계",소계,순영업소득 (천원/㎡),20.8,29.1,29.1,28.5,18.8,28.6,29.1
"대전","노은",소계,임대수입 (%),100.0,100.0,100.0,100.0,100.0,100.0,100.0
"대전","노은",소계,기타수입 (%),0.0,0.0,0.0,0.0,0.0,0.0,0.0
"대전","노은",소계,운영경비 (%),47.9,11.3,8.9,8.9,41.8,10.7,10.7
"대전","노은",소계,순영업소득 (%),52.1,88.7,91.1,91.1,58.2,89.3,89.3
"대전","노은",소계,순영업소득 (천원/㎡),26.2,44.9,45.9,45.7,25.3,39.1,39.2
"대전","대전원도심",소계,임대수입 (%),100.0,100.0,100.0,100.0,100.0,100.0,100.0
"대전","대전원도심",소계,기타수입 (%),0.0,0.0,0.0,0.0,0.0,0.0,0.0
"대전","대전원도심",소계,운영경비 (%),35.7,12.8,12.9,13.0,37.4,13.3,13.4
"대전","대전원도심",소계,순영업소득 (%),64.3,87.2,87.1,87.0,62.6,86.7,86.6
"대전","대전원도심",소계,순영업소득 (천원/㎡),22.2,30.3,30.0,29.7,21.3,30.1,30.3
"대전","복합터미널",소계,임대수입 (%),100.0,100.0,100.0,100.0,100.0,100.0,100.0
"대전","복합터미널",소계,기타수입 (%),0.0,0.0,0.0,0.0,0.0,0.0,0.0
"대전","복합터미널",소계,운영경비 (%),51.8,14.0,14.2,14.6,55.6,16.0,15.9
"대전","복합터미널",소계,순영업소득 (%),48.2,86.0,85.8,85.4,44.4,84.0,84.1
"대전","복합터미널",소계,순영업소득 (천원/㎡),10.3,18.5,18.3,18.1,8.6,16.7,16.8
"대전","서대전네거리",소계,임대수입 (%),100.0,100.0,100.0,100.0,100.0,100.0,100.0
"대전","서대전네거리",소계,기타수입 (%),0.0,0.0,0.0,0.0,0.0,0.0,0.0
"대전","서대전네거리",소계,운영경비 (%),26.4,12.3,12.4,12.7,28.2,12.5,11.5
"대전","서대전네거리",소계,순영업소득 (%),73.6,87.7,87.6,87.3,71.8,87.5,88.5
"대전","서대전네거리",소계,순영업소득 (천원/㎡),33.4,39.8,39.6,39.2,32.1,40.1,40.6
"대전","용문/한민시장",소계,임대수입 (%),100.0,100.0,100.0,100.0,100.0,100.0,100.0
"대전","용문/한민시장",소계,기타수입 (%),0.0,0.0,0.0,0.0,0.0,0.0,0.0
"대전","용문/한민시장",소계,운영경비 (%),42.0,12.3,12.5,12.6,44.3,11.7,16.4
"대전","용문/한민시장",소계,순영업소득 (%),58.0,87.7,87.5,87.4,55.7,88.3,83.6
"대전","용문/한민시장",소계,순영업소득 (천원/㎡),19.6,29.3,30.3,29.0,18.8,29.5,31.3
"대전","유성온천역",소계,임대수입 (%),100.0,100.0,100.0,100.0,100.0,100.0,100.0
"대전","유성온천역",소계,기타수입 (%),0.0,0.0,0.0,0.0,0.0,0.0,0.0
"대전","유성온천역",소계,운영경비 (%),38.5,14.6,12.8,13.2,41.2,13.9,14.2
"대전","유성온천역",소계,순영업소득 (%),61.5,85.4,87.2,86.8,58.8,86.1,85.8
"대전","유성온천역",소계,순영업소득 (천원/㎡),12.2,16.8,17.1,16.9,11.7,17.3,17.0
"울산","소계",소계,임대수입 (%),99.7,99.7,99.7,99.7,99.7,99.7,99.7
"울산","소계",소계,기타수입 (%),0.3,0.3,0.3,0.3,0.3,0.3,0.3
"울산","소계",소계,운영경비 (%),41.4,13.2,13.7,14.4,43.5,13.6,13.9
"울산","소계",소계,순영업소득 (%),58.6,86.8,86.3,85.6,56.5,86.4,86.1
"울산","소계",소계,순영업소득 (천원/㎡),19.5,29.0,28.8,28.3,18.4,28.4,28.2
"울산","삼산동",소계,임대수입 (%),100.0,100.0,100.0,100.0,100.0,100.0,100.0
"울산","삼산동",소계,기타수입 (%),0.0,0.0,0.0,0.0,0.0,0.0,0.0
"울산","삼산동",소계,운영경비 (%),46.1,12.7,12.6,13.0,47.8,13.7,14.3
"울산","삼산동",소계,순영업소득 (%),53.9,87.3,87.4,87.0,52.2,86.3,85.7
"울산","삼산동",소계,순영업소득 (천원/㎡),18.7,30.6,30.7,29.8,17.4,29.5,28.9
"울산","성남옥교동",소계,임대수입 (%),98.1,98.1,98.1,98.1,98.1,98.2,98.2
"울산","성남옥교동",소계,기타수입 (%),1.9,1.9,1.9,1.9,1.9,1.8,1.8
"울산","성남옥교동",소계,운영경비 (%),38.0,11.5,11.6,11.9,36.6,11.6,11.7
"울산","성남옥교동",소계,순영업소득 (%),62.0,88.5,88.4,88.1,63.4,88.4,88.3
"울산","성남옥교동",소계,순영업소득 (천원/㎡),20.0,28.4,28.2,29.2,21.0,29.9,29.5
"울산","신정동",소계,임대수입 (%),100.0,100.0,100.0,100.0,100.0,100.0,100.0
"울산","신정동",소계,기타수입 (%),0.0,0.0,0.0,0.0,0.0,0.0,0.0
"울산","신정동",소계,운영경비 (%),41.9,11.0,11.2,11.1,46.0,11.3,11.1
"울산","신정동",소계,순영업소득 (%),58.1,89.0,88.8,88.9,54.0,88.7,88.9
"울산","신정동",소계,순영업소득 (천원/㎡),18.8,28.6,28.2,28.4,16.8,27.8,28.4
"울산","울산농소",소계,임대수입 (%),100.0,100.0,100.0,100.0,100.0,100.0,100.0
"울산","울산농소",소계,기타수입 (%),0.0,0.0,0.0,0.0,0.0,0.0,0.0
"울산","울산농소",소계,운영경비 (%),49.0,20.1,21.3,24.6,52.7,23.3,23.8
"울산","울산농소",소계,순영업소득 (%),51.0,79.9,78.7,75.4,47.3,76.7,76.2
"울산","울산농소",소계,순영업소득 (천원/㎡),17.0,26.7,26.9,24.8,15.3,25.8,25.1
"울산","울산대",소계,임대수입 (%),100.0,100.0,100.0,100.0,100.0,100.0,100.0
"울산","울산대",소계,기타수입 (%),0.0,0.0,0.0,0.0,0.0,0.0,0.0
"울산","울산대",소계,운영경비 (%),49.0,13.6,13.7,13.8,49.3,12.1,12.0
"울산","울산대",소계,순영업소득 (%),51.0,86.4,86.3,86.2,50.7,87.9,88.0
"울산","울산대",소계,순영업소득 (천원/㎡),15.7,27.0,26.8,26.7,15.8,28.0,28.0
"울산","전하동",소계,임대수입 (%),100.0,100.0,100.0,100.0,100.0,100.0,100.0
"울산","전하동",소계,기타수입 (%),0.0,0.0,0.0,0.0,0.0,0.0,0.0
"울산","전하동",소계,운영경비 (%),35.5,15.7,18.1,18.7,39.6,18.3,18.2
"울산","전하동",소계,순영업소득 (%),64.5,84.3,81.9,81.3,60.4,81.7,81.8
"울산","전하동",소계,순영업소득 (천원/㎡),21.4,28.1,26.2,26.1,19.4,26.8,26.8
"세종","소계",소계,임대수입 (%),98.5,98.6,98.6,98.6,98.6,98.6,98.5
"세종","소계",소계,기타수입 (%),1.5,1.4,1.4,1.4,1.4,1.4,1.5
"세종","소계",소계,운영경비 (%),30.2,7.5,8.6,8.1,29.8,8.1,9.0
"세종","소계",소계,순영업소득 (%),69.8,92.5,91.4,91.9,70.2,91.9,91.0
"세종","소계",소계,순영업소득 (천원/㎡),22.3,30.7,30.6,30.6,23.9,31.6,28.4
"세종","조치원",소계,임대수입 (%),100.0,100.0,100.0,100.0,100.0,100.0,100.0
"세종","조치원",소계,기타수입 (%),0.0,0.0,0.0,0.0,0.0,0.0,0.0
"세종","조치원",소계,운영경비 (%),31.9,10.5,12.8,11.6,31.9,11.3,11.6
"세종","조치원",소계,순영업소득 (%),68.1,89.5,87.2,88.4,68.1,88.7,88.4
"세종","조치원",소계,순영업소득 (천원/㎡),17.2,22.2,22.3,22.4,17.6,23.1,23.1
"경기","소계",소계,임대수입 (%),98.9,98.9,99.1,99.1,99.1,99.1,99.0
"경기","소계",소계,기타수입 (%),1.1,1.1,0.9,0.9,0.9,0.9,1.0
"경기","소계",소계,운영경비 (%),36.1,11.3,12.1,12.4,41.8,13.0,13.3
"경기","소계",소계,순영업소득 (%),63.9,88.7,87.9,87.6,58.2,87.0,86.7
"경기","소계",소계,순영업소득 (천원/㎡),36.2,50.1,49.0,48.7,32.0,48.0,47.5
"경기","고양시청",소계,임대수입 (%),100.0,100.0,100.0,100.0,100.0,100.0,100.0
"경기","고양시청",소계,기타수입 (%),0.0,0.0,0.0,0.0,0.0,0.0,0.0
"경기","고양시청",소계,운영경비 (%),42.9,11.9,11.9,10.9,44.2,10.9,10.9
"경기","고양시청",소계,순영업소득 (%),57.1,88.1,88.1,89.1,55.8,89.1,89.1
"경기","고양시청",소계,순영업소득 (천원/㎡),30.8,47.8,47.6,47.9,29.8,47.9,48.0
"경기","광명철산",소계,임대수입 (%),100.0,100.0,100.0,100.0,100.0,100.0,100.0
"경기","광명철산",소계,기타수입 (%),0.0,0.0,0.0,0.0,0.0,0.0,0.0
"경기","광명철산",소계,운영경비 (%),42.1,9.2,9.3,9.3,46.5,9.3,9.3
"경기","광명철산",소계,순영업소득 (%),57.9,90.8,90.7,90.7,53.5,90.7,90.7
"경기","광명철산",소계,순영업소득 (천원/㎡),45.2,71.4,70.9,70.2,41.1,70.6,70.2
"경기","광주시가지",소계,임대수입 (%),100.0,100.0,100.0,100.0,100.0,100.0,100.0
"경기","광주시가지",소계,기타수입 (%),0.0,0.0,0.0,0.0,0.0,0.0,0.0
"경기","광주시가지",소계,운영경비 (%),35.3,13.2,13.2,13.4,37.2,15.5,17.5
"경기","광주시가지",소계,순영업소득 (%),64.7,86.8,86.8,86.6,62.8,84.5,82.5
"경기","광주시가지",소계,순영업소득 (천원/㎡),37.8,49.9,49.8,50.5,36.9,49.9,42.8
"경기","구리역",소계,임대수입 (%),100.0,100.0,100.0,100.0,100.0,100.0,100.0
"경기","구리역",소계,기타수입 (%),0.0,0.0,0.0,0.0,0.0,0.0,0.0
"경기","구리역",소계,운영경비 (%),27.4,7.4,7.2,7.8,34.3,8.2,7.5
"경기","구리역",소계,순영업소득 (%),72.6,92.6,92.8,92.2,65.7,91.8,92.5
"경기","구리역",소계,순영업소득 (천원/㎡),51.0,64.8,63.2,62.0,44.0,62.5,62.3
"경기","기흥역",소계,임대수입 (%),99.6,99.6,99.6,99.6,99.6,99.6,99.6
"경기","기흥역",소계,기타수입 (%),0.4,0.4,0.4,0.4,0.4,0.4,0.4
"경기","기흥역",소계,운영경비 (%),39.7,7.8,7.9,8.4,46.0,10.8,11.1
"경기","기흥역",소계,순영업소득 (%),60.3,92.2,92.1,91.6,54.0,89.2,88.9
"경기","기흥역",소계,순영업소득 (천원/㎡),41.9,64.3,63.9,59.3,35.3,62.6,60.9
"경기","김량장동",소계,임대수입 (%),98.2,98.2,98.2,98.1,98.1,98.1,98.1
"경기","김량장동",소계,기타수입 (%),1.8,1.8,1.8,1.9,1.9,1.9,1.9
"경기","김량장동",소계,운영경비 (%),39.5,11.4,11.5,11.8,44.9,13.7,13.9
"경기","김량장동",소계,순영업소득 (%),60.5,88.6,88.5,88.2,55.1,86.3,86.1
"경기","김량장동",소계,순영업소득 (천원/㎡),36.1,53.2,52.6,51.2,31.6,48.0,48.8
"경기","동두천중앙로",소계,임대수입 (%),100.0,100.0,100.0,100.0,100.0,100.0,100.0
"경기","동두천중앙로",소계,기타수입 (%),0.0,0.0,0.0,0.0,0.0,0.0,0.0
"경기","동두천중앙로",소계,운영경비 (%),26.4,12.3,12.7,14.0,31.1,15.4,14.5
"경기","동두천중앙로",소계,순영업소득 (%),73.6,87.7,87.3,86.0,68.9,84.6,85.5
"경기","동두천중앙로",소계,순영업소득 (천원/㎡),25.4,30.3,29.4,29.5,23.7,26.5,26.8
"경기","모란",소계,임대수입 (%),100.0,100.0,100.0,100.0,100.0,100.0,100.0
"경기","모란",소계,기타수입 (%),0.0,0.0,0.0,0.0,0.0,0.0,0.0
"경기","모란",소계,운영경비 (%),41.5,20.5,23.0,23.1,44.4,23.1,21.0
"경기","모란",소계,순영업소득 (%),58.5,79.5,77.0,76.9,55.6,76.9,79.0
"경기","모란",소계,순영업소득 (천원/㎡),57.1,77.6,74.1,73.8,52.9,73.7,75.9
"경기","병점역",소계,임대수입 (%),100.0,100.0,100.0,100.0,100.0,100.0,100.0
"경기","병점역",소계,기타수입 (%),0.0,0.0,0.0,0.0,0.0,0.0,0.0
"경기","병점역",소계,운영경비 (%),32.5,12.0,12.1,12.2,38.0,12.4,12.8
"경기","병점역",소계,순영업소득 (%),67.5,88.0,87.9,87.8,62.0,87.6,87.2
"경기","병점역",소계,순영업소득 (천원/㎡),44.5,58.1,57.8,57.5,40.3,58.4,58.2
"경기","부천역",소계,임대수입 (%),100.0,100.0,100.0,100.0,100.0,100.0,100.0
"경기","부천역",소계,기타수입 (%),0.0,0.0,0.0,0.0,0.0,0.0,0.0
"경기","부천역",소계,운영경비 (%),32.1,9.7,8.7,8.3,30.2,9.1,10.0
"경기","부천역",소계,순영업소득 (%),67.9,90.3,91.3,91.7,69.8,90.9,90.0
"경기","부천역",소계,순영업소득 (천원/㎡),37.9,50.7,53.4,55.6,41.5,53.7,53.6
"경기","성남구시가지",소계,임대수입 (%),100.0,100.0,100.0,100.0,100.0,100.0,100.0
"경기","성남구시가지",소계,기타수입 (%),0.0,0.0,0.0,0.0,0.0,0.0,0.0
"경기","성남구시가지",소계,운영경비 (%),36.6,11.6,12.1,11.9,43.4,12.4,13.2
"경기","성남구시가지",소계,순영업소득 (%),63.4,88.4,87.9,88.1,56.6,87.6,86.8
"경기","성남구시가지",소계,순영업소득 (천원/㎡),40.5,56.6,53.7,55.1,33.4,52.1,53.2
"경기","수원역",소계,임대수입 (%),99.2,99.2,99.2,99.2,99.2,99.2,99.2
"경기","수원역",소계,기타수입 (%),0.8,0.8,0.8,0.8,0.8,0.8,0.8
"경기","수원역",소계,운영경비 (%),30.1,9.1,10.9,10.8,34.7,10.9,10.9
"경기","수원역",소계,순영업소득 (%),69.9,90.9,89.1,89.2,65.3,89.1,89.1
"경기","수원역",소계,순영업소득 (천원/㎡),86.9,113.2,110.4,114.7,83.4,114.2,114.4
"경기","수원파장동",소계,임대수입 (%),100.0,100.0,100.0,100.0,100.0,100.0,100.0
"경기","수원파장동",소계,기타수입 (%),0.0,0.0,0.0,0.0,0.0,0.0,0.0
"경기","수원파장동",소계,운영경비 (%),28.9,9.7,11.4,11.7,32.8,11.7,11.7
"경기","수원파장동",소계,순영업소득 (%),71.1,90.3,88.6,88.3,67.2,88.3,88.3
"경기","수원파장동",소계,순영업소득 (천원/㎡),28.7,36.5,30.4,30.2,26.4,34.9,35.0
"경기","신장/지산/서정",소계,임대수입 (%),100.0,100.0,100.0,100.0,100.0,100.0,100.0
"경기","신장/지산/서정",소계,기타수입 (%),0.0,0.0,0.0,0.0,0.0,0.0,0.0
"경기","신장/지산/서정",소계,운영경비 (%),38.0,18.2,19.1,18.6,41.2,16.5,16.3
"경기","신장/지산/서정",소계,순영업소득 (%),62.0,81.8,80.9,81.4,58.8,83.5,83.7
"경기","신장/지산/서정",소계,순영업소득 (천원/㎡),24.3,31.6,30.0,31.2,22.5,32.7,33.4
"경기","신천역",소계,임대수입 (%),100.0,100.0,100.0,100.0,100.0,100.0,100.0
"경기","신천역",소계,기타수입 (%),0.0,0.0,0.0,0.0,0.0,0.0,0.0
"경기","신천역",소계,운영경비 (%),45.3,10.9,14.1,16.3,44.6,18.8,18.8
"경기","신천역",소계,순영업소득 (%),54.7,89.1,85.9,83.7,55.4,81.2,81.2
"경기","신천역",소계,순영업소득 (천원/㎡),18.7,30.7,33.6,32.5,20.7,30.6,30.6
"경기","안성 서인사거리",소계,임대수입 (%),100.0,100.0,100.0,100.0,100.0,100.0,100.0
"경기","안성 서인사거리",소계,기타수입 (%),0.0,0.0,0.0,0.0,0.0,0.0,0.0
"경기","안성 서인사거리",소계,운영경비 (%),33.0,17.2,17.3,17.6,36.1,18.0,18.4
"경기","안성 서인사거리",소계,순영업소득 (%),67.0,82.8,82.7,82.4,63.9,82.0,81.6
"경기","안성 서인사거리",소계,순영업소득 (천원/㎡),19.3,23.2,23.1,22.9,17.6,22.3,22.2
"경기","안양역",소계,임대수입 (%),100.0,100.0,100.0,100.0,100.0,100.0,100.0
"경기","안양역",소계,기타수입 (%),0.0,0.0,0.0,0.0,0.0,0.0,0.0
"경기","안양역",소계,운영경비 (%),34.5,12.8,13.6,12.7,36.8,12.9,14.6
"경기","안양역",소계,순영업소득 (%),65.5,87.2,86.4,87.3,63.2,87.1,85.4
"경기","안양역",소계,순영업소득 (천원/㎡),45.2,60.1,56.0,56.2,40.4,56.1,54.8
"경기","양주덕정역",소계,임대수입 (%),100.0,100.0,100.0,100.0,100.0,100.0,100.0
"경기","양주덕정역",소계,기타수입 (%),0.0,0.0,0.0,0.0,0.0,0.0,0.0
"경기","양주덕정역",소계,운영경비 (%),18.1,4.2,4.1,4.4,35.1,7.0,7.1
"경기","양주덕정역",소계,순영업소득 (%),81.9,95.8,95.9,95.6,64.9,93.0,92.9
"경기","양주덕정역",소계,순영업소득 (천원/㎡),41.6,50.3,50.9,47.8,26.5,41.2,38.8
"경기","여주시청",소계,임대수입 (%),100.0,100.0,100.0,100.0,100.0,100.0,100.0
"경기","여주시청",소계,기타수입 (%),0.0,0.0,0.0,0.0,0.0,0.0,0.0
"경기","여주시청",소계,운영경비 (%),38.4,19.4,19.6,18.3,33.1,18.5,18.9
"경기","여주시청",소계,순영업소득 (%),61.6,80.6,80.4,81.7,66.9,81.5,81.1
"경기","여주시청",소계,순영업소득 (천원/㎡),20.8,28.0,27.7,30.2,25.0,29.6,28.9
"경기","오산시청",소계,임대수입 (%),100.0,100.0,100.0,100.0,100.0,100.0,100.0
"경기","오산시청",소계,기타수입 (%),0.0,0.0,0.0,0.0,0.0,0.0,0.0
"경기","오산시청",소계,운영경비 (%),36.5,10.4,12.3,14.3,39.1,14.4,13.3
"경기","오산시청",소계,순영업소득 (%),63.5,89.6,87.7,85.7,60.9,85.6,86.7
"경기","오산시청",소계,순영업소득 (천원/㎡),28.1,41.2,36.6,35.6,25.4,36.0,37.6
"경기","용인수지",소계,임대수입 (%),100.0,100.0,100.0,100.0,100.0,100.0,100.0
"경기","용인수지",소계,기타수입 (%),0.0,0.0,0.0,0.0,0.0,0.0,0.0
"경기","용인수지",소계,운영경비 (%),52.4,13.5,14.3,14.8,73.9,14.8,14.8
"경기","용인수지",소계,순영업소득 (%),47.6,86.5,85.7,85.2,26.1,85.2,85.2
"경기","용인수지",소계,순영업소득 (천원/㎡),32.1,58.9,56.1,57.9,17.2,58.0,58.1
"경기","의정부역",소계,임대수입 (%),99.2,99.1,99.1,99.1,99.1,99.1,99.1
"경기","의정부역",소계,기타수입 (%),0.8,0.9,0.9,0.9,0.9,0.9,0.9
"경기","의정부역",소계,운영경비 (%),26.0,7.6,7.5,9.0,28.4,7.7,9.8
"경기","의정부역",소계,순영업소득 (%),74.0,92.4,92.5,91.0,71.6,92.3,90.2
"경기","의정부역",소계,순영업소득 (천원/㎡),61.3,73.0,74.2,71.9,54.7,70.3,67.7
"경기","이천종합터미널",소계,임대수입 (%),100.0,100.0,100.0,100.0,100.0,100.0,100.0
"경기","이천종합터미널",소계,기타수입 (%),0.0,0.0,0.0,0.0,0.0,0.0,0.0
"경기","이천종합터미널",소계,운영경비 (%),29.4,15.0,15.1,15.2,32.1,15.2,15.2
"경기","이천종합터미널",소계,순영업소득 (%),70.6,85.0,84.9,84.8,67.9,84.8,84.8
"경기","이천종합터미널",소계,순영업소득 (천원/㎡),28.5,34.3,34.0,33.7,26.9,33.6,33.7
"경기","인계동",소계,임대수입 (%),100.0,100.0,100.0,100.0,100.0,100.0,100.0
"경기","인계동",소계,기타수입 (%),0.0,0.0,0.0,0.0,0.0,0.0,0.0
"경기","인계동",소계,운영경비 (%),53.7,12.4,14.1,14.5,73.4,14.5,14.4
"경기","인계동",소계,순영업소득 (%),46.3,87.6,85.9,85.5,26.6,85.5,85.6
"경기","인계동",소계,순영업소득 (천원/㎡),31.3,59.9,58.4,57.9,17.5,57.9,58.0
"경기","인덕원",소계,임대수입 (%),100.0,100.0,100.0,100.0,100.0,100.0,100.0
"경기","인덕원",소계,기타수입 (%),0.0,0.0,0.0,0.0,0.0,0.0,0.0
"경기","인덕원",소계,운영경비 (%),29.7,5.1,5.1,6.9,37.6,7.6,13.1
"경기","인덕원",소계,순영업소득 (%),70.3,94.9,94.9,93.1,62.4,92.4,86.9
"경기","인덕원",소계,순영업소득 (천원/㎡),38.9,52.6,52.3,51.0,34.1,46.3,43.9
"경기","탄현역",소계,임대수입 (%),100.0,100.0,100.0,100.0,100.0,100.0,100.0
"경기","탄현역",소계,기타수입 (%),0.0,0.0,0.0,0.0,0.0,0.0,0.0
"경기","탄현역",소계,운영경비 (%),53.9,29.7,30.1,30.7,61.0,27.4,27.4
"경기","탄현역",소계,순영업소득 (%),46.1,70.3,69.9,69.3,39.0,72.6,72.6
"경기","탄현역",소계,순영업소득 (천원/㎡),26.0,40.0,39.5,39.0,21.7,41.0,41.0
"경기","파주시청",소계,임대수입 (%),100.0,100.0,100.0,100.0,100.0,100.0,100.0
"경기","파주시청",소계,기타수입 (%),0.0,0.0,0.0,0.0,0.0,0.0,0.0
"경기","파주시청",소계,운영경비 (%),36.1,15.6,18.6,19.4,43.9,21.1,20.2
"경기","파주시청",소계,순영업소득 (%),63.9,84.4,81.4,80.6,56.1,78.9,79.8
"경기","파주시청",소계,순영업소득 (천원/㎡),34.9,43.0,43.6,42.8,27.8,43.1,44.6
"경기","팔달문로터리",소계,임대수입 (%),100.0,100.0,100.0,100.0,100.0,100.0,100.0
"경기","팔달문로터리",소계,기타수입 (%),0.0,0.0,0.0,0.0,0.0,0.0,0.0
"경기","팔달문로터리",소계,운영경비 (%),34.9,13.0,14.9,15.9,47.1,16.5,18.0
"경기","팔달문로터리",소계,순영업소득 (%),65.1,87.0,85.1,84.1,52.9,83.5,82.0
"경기","팔달문로터리",소계,순영업소득 (천원/㎡),42.7,56.5,54.3,54.1,32.9,52.4,48.7
"경기","평택역",소계,임대수입 (%),100.0,100.0,100.0,100.0,100.0,100.0,100.0
"경기","평택역",소계,기타수입 (%),0.0,0.0,0.0,0.0,0.0,0.0,0.0
"경기","평택역",소계,운영경비 (%),25.2,6.4,6.7,6.9,34.2,10.2,11.9
"경기","평택역",소계,순영업소득 (%),74.8,93.6,93.3,93.1,65.8,89.8,88.1
"경기","평택역",소계,순영업소득 (천원/㎡),33.7,42.3,41.8,40.6,28.4,38.0,37.5
"경기","포천소흘읍",소계,임대수입 (%),100.0,100.0,100.0,100.0,100.0,100.0,100.0
"경기","포천소흘읍",소계,기타수입 (%),0.0,0.0,0.0,0.0,0.0,0.0,0.0
"경기","포천소흘읍",소계,운영경비 (%),65.7,9.7,9.7,10.1,86.0,12.1,12.4
"경기","포천소흘읍",소계,순영업소득 (%),34.3,90.3,90.3,89.9,14.0,87.9,87.6
"경기","포천소흘읍",소계,순영업소득 (천원/㎡),15.9,42.5,42.4,40.7,6.1,39.4,38.4
"경기","포천시외버스터미널",소계,임대수입 (%),100.0,100.0,100.0,100.0,100.0,100.0,100.0
"경기","포천시외버스터미널",소계,기타수입 (%),0.0,0.0,0.0,0.0,0.0,0.0,0.0
"경기","포천시외버스터미널",소계,운영경비 (%),28.8,7.5,7.5,8.5,41.9,13.0,11.8
"경기","포천시외버스터미널",소계,순영업소득 (%),71.2,92.5,92.5,91.5,58.1,87.0,88.2
"경기","포천시외버스터미널",소계,순영업소득 (천원/㎡),25.6,32.6,32.5,29.8,17.6,26.7,22.6
"경기","하남원도심",소계,임대수입 (%),100.0,100.0,100.0,100.0,100.0,100.0,100.0
"경기","하남원도심",소계,기타수입 (%),0.0,0.0,0.0,0.0,0.0,0.0,0.0
"경기","하남원도심",소계,운영경비 (%),39.2,14.6,14.9,15.3,45.1,15.4,15.3
"경기","하남원도심",소계,순영업소득 (%),60.8,85.4,85.1,84.7,54.9,84.6,84.7
"경기","하남원도심",소계,순영업소득 (천원/㎡),57.3,80.7,78.9,75.9,48.8,75.9,76.0
"경기","화성남양읍",소계,임대수입 (%),100.0,100.0,100.0,100.0,100.0,100.0,100.0
"경기","화성남양읍",소계,기타수입 (%),0.0,0.0,0.0,0.0,0.0,0.0,0.0
"경기","화성남양읍",소계,운영경비 (%),38.5,6.9,7.2,7.2,47.7,7.2,7.2
"경기","화성남양읍",소계,순영업소득 (%),61.5,93.1,92.8,92.8,52.3,92.8,92.8
"경기","화성남양읍",소계,순영업소득 (천원/㎡),27.0,41.7,41.3,41.0,23.5,42.1,42.2
"경기","화성봉담읍",소계,임대수입 (%),100.0,100.0,100.0,100.0,100.0,100.0,100.0
"경기","화성봉담읍",소계,기타수입 (%),0.0,0.0,0.0,0.0,0.0,0.0,0.0
"경기","화성봉담읍",소계,운영경비 (%),42.9,30.0,30.8,33.0,43.6,30.9,30.9
"경기","화성봉담읍",소계,순영업소득 (%),57.1,70.0,69.2,67.0,56.4,69.1,69.1
"경기","화성봉담읍",소계,순영업소득 (천원/㎡),35.1,43.9,42.2,38.1,34.7,42.7,42.8
"강원","소계",소계,임대수입 (%),99.7,99.7,99.7,99.7,99.7,99.7,99.6
"강원","소계",소계,기타수입 (%),0.3,0.3,0.3,0.3,0.3,0.3,0.4
"강원","소계",소계,운영경비 (%),24.9,10.6,10.9,11.5,28.0,12.8,12.6
"강원","소계",소계,순영업소득 (%),75.1,89.4,89.1,88.5,72.0,87.2,87.4
"강원","소계",소계,순영업소득 (천원/㎡),23.2,27.8,27.9,27.3,21.9,26.5,26.2
"강원","강릉교동",소계,임대수입 (%),100.0,100.0,100.0,100.0,100.0,100.0,100.0
"강원","강릉교동",소계,기타수입 (%),0.0,0.0,0.0,0.0,0.0,0.0,0.0
"강원","강릉교동",소계,운영경비 (%),21.5,3.2,3.5,11.0,28.0,11.0,4.3
"강원","강릉교동",소계,순영업소득 (%),78.5,96.8,96.5,89.0,72.0,89.0,95.7
"강원","강릉교동",소계,순영업소득 (천원/㎡),39.2,48.4,43.1,39.5,31.8,39.5,48.3
"강원","강릉중부",소계,임대수입 (%),98.2,98.2,98.2,98.2,98.1,98.1,98.2
"강원","강릉중부",소계,기타수입 (%),1.8,1.8,1.8,1.8,1.9,1.9,1.8
"강원","강릉중부",소계,운영경비 (%),35.4,15.7,15.8,15.9,38.3,16.5,16.5
"강원","강릉중부",소계,순영업소득 (%),64.6,84.3,84.2,84.1,61.7,83.5,83.5
"강원","강릉중부",소계,순영업소득 (천원/㎡),15.9,21.1,21.0,20.7,14.6,19.9,20.4
"강원","묵호항",소계,임대수입 (%),99.2,99.1,99.1,99.1,99.1,99.1,99.1
"강원","묵호항",소계,기타수입 (%),0.8,0.9,0.9,0.9,0.9,0.9,0.9
"강원","묵호항",소계,운영경비 (%),15.8,10.5,11.2,11.3,24.1,15.1,15.7
"강원","묵호항",소계,순영업소득 (%),84.2,89.5,88.8,88.7,75.9,84.9,84.3
"강원","묵호항",소계,순영업소득 (천원/㎡),22.0,23.8,23.5,23.3,19.8,22.2,21.1
"강원","삼척중앙시장",소계,임대수입 (%),100.0,100.0,100.0,100.0,100.0,100.0,100.0
"강원","삼척중앙시장",소계,기타수입 (%),0.0,0.0,0.0,0.0,0.0,0.0,0.0
"강원","삼척중앙시장",소계,운영경비 (%),28.0,7.2,7.3,7.3,27.0,7.3,7.7
"강원","삼척중앙시장",소계,순영업소득 (%),72.0,92.8,92.7,92.7,73.0,92.7,92.3
"강원","삼척중앙시장",소계,순영업소득 (천원/㎡),17.1,22.8,22.6,22.5,17.6,22.5,22.4
"강원","속초중앙시장",소계,임대수입 (%),100.0,100.0,100.0,100.0,100.0,100.0,100.0
"강원","속초중앙시장",소계,기타수입 (%),0.0,0.0,0.0,0.0,0.0,0.0,0.0
"강원","속초중앙시장",소계,운영경비 (%),20.4,7.2,7.2,7.0,21.9,7.0,7.0
"강원","속초중앙시장",소계,순영업소득 (%),79.6,92.8,92.8,93.0,78.1,93.0,93.0
"강원","속초중앙시장",소계,순영업소득 (천원/㎡),32.0,37.4,37.2,34.7,29.0,34.6,34.6
"강원","영월경찰서",소계,임대수입 (%),100.0,100.0,100.0,100.0,100.0,100.0,100.0
"강원","영월경찰서",소계,기타수입 (%),0.0,0.0,0.0,0.0,0.0,0.0,0.0
"강원","영월경찰서",소계,운영경비 (%),24.8,9.8,9.6,9.7,25.0,11.6,11.9
"강원","영월경찰서",소계,순영업소득 (%),75.2,90.2,90.4,90.3,75.0,88.4,88.1
"강원","영월경찰서",소계,순영업소득 (천원/㎡),17.9,21.4,21.3,21.1,17.4,21.0,20.1
"강원","원주중앙/일산",소계,임대수입 (%),100.0,100.0,100.0,100.0,100.0,100.0,100.0
"강원","원주중앙/일산",소계,기타수입 (%),0.0,0.0,0.0,0.0,0.0,0.0,0.0
"강원","원주중앙/일산",소계,운영경비 (%),26.0,9.2,10.7,11.6,29.2,13.7,14.1
"강원","원주중앙/일산",소계,순영업소득 (%),74.0,90.8,89.3,88.4,70.8,86.3,85.9
"강원","원주중앙/일산",소계,순영업소득 (천원/㎡),24.8,30.1,31.1,30.7,24.2,29.9,29.3
"강원","주문진항",소계,임대수입 (%),96.7,96.7,96.7,96.7,96.6,96.7,96.7
"강원","주문진항",소계,기타수입 (%),3.3,3.3,3.3,3.3,3.4,3.3,3.3
"강원","주문진항",소계,운영경비 (%),34.5,26.4,25.8,29.4,42.4,30.5,30.4
"강원","주문진항",소계,순영업소득 (%),65.5,73.6,74.2,70.6,57.6,69.5,69.6
"강원","주문진항",소계,순영업소득 (천원/㎡),17.0,19.1,19.1,18.1,14.7,17.8,17.9
"강원","춘천명동",소계,임대수입 (%),100.0,100.0,100.0,100.0,100.0,100.0,100.0
"강원","춘천명동",소계,기타수입 (%),0.0,0.0,0.0,0.0,0.0,0.0,0.0
"강원","춘천명동",소계,운영경비 (%),29.7,11.4,11.5,11.7,31.3,15.7,14.6
"강원","춘천명동",소계,순영업소득 (%),70.3,88.6,88.5,88.3,68.7,84.3,85.4
"강원","춘천명동",소계,순영업소득 (천원/㎡),19.9,25.1,24.1,24.0,18.5,22.1,22.4
"강원","태백중앙시장",소계,임대수입 (%),100.0,100.0,100.0,100.0,100.0,100.0,100.0
"강원","태백중앙시장",소계,기타수입 (%),0.0,0.0,0.0,0.0,0.0,0.0,0.0
"강원","태백중앙시장",소계,운영경비 (%),23.8,21.1,21.4,21.5,35.8,21.5,21.5
"강원","태백중앙시장",소계,순영업소득 (%),76.2,78.9,78.6,78.5,64.2,78.5,78.5
"강원","태백중앙시장",소계,순영업소득 (천원/㎡),20.2,20.8,20.5,20.3,16.5,20.3,20.4
"충북","소계",소계,임대수입 (%),100.0,100.0,100.0,100.0,100.0,100.0,100.0
"충북","소계",소계,기타수입 (%),0.0,0.0,0.0,0.0,0.0,0.0,0.0
"충북","소계",소계,운영경비 (%),28.5,15.5,15.7,15.9,28.0,16.8,17.0
"충북","소계",소계,순영업소득 (%),71.5,84.5,84.3,84.1,72.0,83.2,83.0
"충북","소계",소계,순영업소득 (천원/㎡),20.6,24.1,23.9,23.6,20.0,23.1,23.2
"충북","봉명사거리",소계,임대수입 (%),100.0,100.0,100.0,100.0,100.0,100.0,100.0
"충북","봉명사거리",소계,기타수입 (%),0.0,0.0,0.0,0.0,0.0,0.0,0.0
"충북","봉명사거리",소계,운영경비 (%),26.1,8.6,8.7,8.7,11.0,8.7,8.7
"충북","봉명사거리",소계,순영업소득 (%),73.9,91.4,91.3,91.3,89.0,91.3,91.3
"충북","봉명사거리",소계,순영업소득 (천원/㎡),25.5,30.9,30.7,30.6,29.7,30.6,30.7
"충북","제천역",소계,임대수입 (%),100.0,100.0,100.0,100.0,100.0,100.0,100.0
"충북","제천역",소계,기타수입 (%),0.0,0.0,0.0,0.0,0.0,0.0,0.0
"충북","제천역",소계,운영경비 (%),26.3,14.1,14.2,14.3,28.4,14.8,17.2
"충북","제천역",소계,순영업소득 (%),73.7,85.9,85.8,85.7,71.6,85.2,82.8
"충북","제천역",소계,순영업소득 (천원/㎡),11.0,12.8,12.7,12.6,10.5,12.5,12.0
"충북","제천중앙",소계,임대수입 (%),100.0,100.0,100.0,100.0,100.0,100.0,100.0
"충북","제천중앙",소계,기타수입 (%),0.0,0.0,0.0,0.0,0.0,0.0,0.0
"충북","제천중앙",소계,운영경비 (%),31.5,12.8,12.9,13.2,31.5,13.2,10.7
"충북","제천중앙",소계,순영업소득 (%),68.5,87.2,87.1,86.8,68.5,86.8,89.3
"충북","제천중앙",소계,순영업소득 (천원/㎡),19.0,23.1,22.9,23.0,18.0,23.0,24.4
"충북","증평광장로",소계,임대수입 (%),100.0,100.0,100.0,100.0,100.0,100.0,100.0
"충북","증평광장로",소계,기타수입 (%),0.0,0.0,0.0,0.0,0.0,0.0,0.0
"충북","증평광장로",소계,운영경비 (%),18.2,12.5,12.3,11.9,25.3,12.1,12.1
"충북","증평광장로",소계,순영업소득 (%),81.8,87.5,87.7,88.1,74.7,87.9,87.9
"충북","증평광장로",소계,순영업소득 (천원/㎡),19.8,21.1,21.5,21.7,18.3,21.2,21.3
"충북","청주성안길",소계,임대수입 (%),100.0,100.0,100.0,100.0,100.0,100.0,100.0
"충북","청주성안길",소계,기타수입 (%),0.0,0.0,0.0,0.0,0.0,0.0,0.0
"충북","청주성안길",소계,운영경비 (%),40.7,22.9,23.2,24.1,35.8,24.0,24.6
"충북","청주성안길",소계,순영업소득 (%),59.3,77.1,76.8,75.9,64.2,76.0,75.4
"충북","청주성안길",소계,순영업소득 (천원/㎡),25.7,33.2,33.0,31.6,26.7,31.8,31.6
"충북","충북대학교",소계,임대수입 (%),100.0,100.0,100.0,100.0,100.0,100.0,100.0
"충북","충북대학교",소계,기타수입 (%),0.0,0.0,0.0,0.0,0.0,0.0,0.0
"충북","충북대학교",소계,운영경비 (%),35.7,18.8,18.9,19.0,37.5,19.2,21.4
"충북","충북대학교",소계,순영업소득 (%),64.3,81.2,81.1,81.0,62.5,80.8,78.6
"충북","충북대학교",소계,순영업소득 (천원/㎡),21.5,27.2,26.9,26.7,20.5,26.5,24.3
"충북","충주연수칠금",소계,임대수입 (%),100.0,100.0,100.0,100.0,100.0,100.0,100.0
"충북","충주연수칠금",소계,기타수입 (%),0.0,0.0,0.0,0.0,0.0,0.0,0.0
"충북","충주연수칠금",소계,운영경비 (%),36.8,17.1,17.2,17.7,36.8,18.0,17.3
"충북","충주연수칠금",소계,순영업소득 (%),63.2,82.9,82.8,82.3,63.2,82.0,82.7
"충북","충주연수칠금",소계,순영업소득 (천원/㎡),17.7,23.5,23.4,22.9,17.8,22.8,23.0
"충북","충주자유시장",소계,임대수입 (%),100.0,100.0,100.0,100.0,100.0,100.0,100.0
"충북","충주자유시장",소계,기타수입 (%),0.0,0.0,0.0,0.0,0.0,0.0,0.0
"충북","충주자유시장",소계,운영경비 (%),24.7,11.0,10.8,12.1,35.0,12.1,12.2
"충북","충주자유시장",소계,순영업소득 (%),75.3,89.0,89.2,87.9,65.0,87.9,87.8
"충북","충주자유시장",소계,순영업소득 (천원/㎡),14.4,16.6,17.0,15.0,11.0,14.9,14.9
"충남","소계",소계,임대수입 (%),100.0,100.0,100.0,100.0,100.0,100.0,100.0
"충남","소계",소계,기타수입 (%),0.0,0.0,0.0,0.0,0.0,0.0,0.0
"충남","소계",소계,운영경비 (%),29.1,12.2,13.1,13.6,31.7,13.8,14.0
"충남","소계",소계,순영업소득 (%),70.9,87.8,86.9,86.4,68.3,86.2,86.0
"충남","소계",소계,순영업소득 (천원/㎡),22.6,27.8,27.2,27.0,21.1,26.8,26.5
"충남","공주대",소계,임대수입 (%),100.0,100.0,100.0,100.0,100.0,100.0,100.0
"충남","공주대",소계,기타수입 (%),0.0,0.0,0.0,0.0,0.0,0.0,0.0
"충남","공주대",소계,운영경비 (%),32.1,13.1,13.1,13.8,34.1,13.3,13.4
"충남","공주대",소계,순영업소득 (%),67.9,86.9,86.9,86.2,65.9,86.7,86.6
"충남","공주대",소계,순영업소득 (천원/㎡),22.2,27.5,27.3,29.0,22.0,29.1,28.9
"충남","공주웅진동",소계,임대수입 (%),100.0,100.0,100.0,100.0,100.0,100.0,100.0
"충남","공주웅진동",소계,기타수입 (%),0.0,0.0,0.0,0.0,0.0,0.0,0.0
"충남","공주웅진동",소계,운영경비 (%),31.3,19.6,20.2,20.7,33.8,22.4,22.6
"충남","공주웅진동",소계,순영업소득 (%),68.7,80.4,79.8,79.3,66.2,77.6,77.4
"충남","공주웅진동",소계,순영업소득 (천원/㎡),24.7,29.0,28.8,28.5,23.6,27.8,27.7
"충남","논산시외버스터미널",소계,임대수입 (%),100.0,100.0,100.0,100.0,100.0,100.0,100.0
"충남","논산시외버스터미널",소계,기타수입 (%),0.0,0.0,0.0,0.0,0.0,0.0,0.0
"충남","논산시외버스터미널",소계,운영경비 (%),26.7,11.2,12.4,12.0,28.4,11.5,12.0
"충남","논산시외버스터미널",소계,순영업소득 (%),73.3,88.8,87.6,88.0,71.6,88.5,88.0
"충남","논산시외버스터미널",소계,순영업소득 (천원/㎡),23.9,29.0,26.6,26.4,21.7,26.9,25.5
"충남","당진시청",소계,임대수입 (%),100.0,100.0,100.0,100.0,100.0,100.0,100.0
"충남","당진시청",소계,기타수입 (%),0.0,0.0,0.0,0.0,0.0,0.0,0.0
"충남","당진시청",소계,운영경비 (%),27.1,11.1,11.2,11.5,27.1,12.1,13.1
"충남","당진시청",소계,순영업소득 (%),72.9,88.9,88.8,88.5,72.9,87.9,86.9
"충남","당진시청",소계,순영업소득 (천원/㎡),27.2,33.2,33.0,33.0,25.9,32.2,33.2
"충남","두정",소계,임대수입 (%),100.0,100.0,100.0,100.0,100.0,100.0,100.0
"충남","두정",소계,기타수입 (%),0.0,0.0,0.0,0.0,0.0,0.0,0.0
"충남","두정",소계,운영경비 (%),31.9,6.1,6.3,6.3,31.4,6.3,6.3
"충남","두정",소계,순영업소득 (%),68.1,93.9,93.7,93.7,68.6,93.7,93.7
"충남","두정",소계,순영업소득 (천원/㎡),26.5,36.6,36.3,36.2,26.4,36.3,36.3
"충남","배방읍",소계,임대수입 (%),100.0,100.0,100.0,100.0,100.0,100.0,100.0
"충남","배방읍",소계,기타수입 (%),0.0,0.0,0.0,0.0,0.0,0.0,0.0
"충남","배방읍",소계,운영경비 (%),20.3,4.4,4.4,4.4,24.5,5.8,5.8
"충남","배방읍",소계,순영업소득 (%),79.7,95.6,95.6,95.6,75.5,94.2,94.2
"충남","배방읍",소계,순영업소득 (천원/㎡),35.9,43.1,43.4,43.1,29.1,35.6,35.6
"충남","보령문화의전당",소계,임대수입 (%),100.0,100.0,100.0,100.0,100.0,100.0,100.0
"충남","보령문화의전당",소계,기타수입 (%),0.0,0.0,0.0,0.0,0.0,0.0,0.0
"충남","보령문화의전당",소계,운영경비 (%),33.4,17.9,15.7,15.9,32.9,15.4,15.4
"충남","보령문화의전당",소계,순영업소득 (%),66.6,82.1,84.3,84.1,67.1,84.6,84.6
"충남","보령문화의전당",소계,순영업소득 (천원/㎡),17.7,18.9,22.2,21.9,18.0,23.0,23.1
"충남","서산터미널",소계,임대수입 (%),100.0,100.0,100.0,100.0,100.0,100.0,100.0
"충남","서산터미널",소계,기타수입 (%),0.0,0.0,0.0,0.0,0.0,0.0,0.0
"충남","서산터미널",소계,운영경비 (%),32.9,17.1,17.0,17.5,34.1,17.2,19.4
"충남","서산터미널",소계,순영업소득 (%),67.1,82.9,83.0,82.5,65.9,82.8,80.6
"충남","서산터미널",소계,순영업소득 (천원/㎡),22.7,28.2,27.3,26.5,21.3,26.9,24.4
"충남","아산온양",소계,임대수입 (%),100.0,100.0,100.0,100.0,100.0,100.0,100.0
"충남","아산온양",소계,기타수입 (%),0.0,0.0,0.0,0.0,0.0,0.0,0.0
"충남","아산온양",소계,운영경비 (%),30.6,11.7,16.2,16.7,38.0,16.7,16.9
"충남","아산온양",소계,순영업소득 (%),69.4,88.3,83.8,83.3,62.0,83.3,83.1
"충남","아산온양",소계,순영업소득 (천원/㎡),22.6,29.0,27.2,26.8,19.9,27.2,27.3
"충남","예산시장",소계,임대수입 (%),100.0,100.0,100.0,100.0,100.0,100.0,100.0
"충남","예산시장",소계,기타수입 (%),0.0,0.0,0.0,0.0,0.0,0.0,0.0
"충남","예산시장",소계,운영경비 (%),36.5,21.3,21.4,19.5,33.6,18.9,20.3
"충남","예산시장",소계,순영업소득 (%),63.5,78.7,78.6,80.5,66.4,81.1,79.7
"충남","예산시장",소계,순영업소득 (천원/㎡),9.8,12.1,12.0,12.4,10.5,12.9,11.6
"충남","천안역",소계,임대수입 (%),100.0,100.0,100.0,100.0,100.0,100.0,100.0
"충남","천안역",소계,기타수입 (%),0.0,0.0,0.0,0.0,0.0,0.0,0.0
"충남","천안역",소계,운영경비 (%),26.0,9.8,9.8,12.3,28.3,11.5,11.6
"충남","천안역",소계,순영업소득 (%),74.0,90.2,90.2,87.7,71.7,88.5,88.4
"충남","천안역",소계,순영업소득 (천원/㎡),25.1,30.6,30.5,29.5,24.1,29.9,29.1
"충남","천안종합버스터미널",소계,임대수입 (%),100.0,100.0,100.0,100.0,100.0,100.0,100.0
"충남","천안종합버스터미널",소계,기타수입 (%),0.0,0.0,0.0,0.0,0.0,0.0,0.0
"충남","천안종합버스터미널",소계,운영경비 (%),20.5,8.4,10.3,11.2,23.1,14.4,14.4
"충남","천안종합버스터미널",소계,순영업소득 (%),79.5,91.6,89.7,88.8,76.9,85.6,85.6
"충남","천안종합버스터미널",소계,순영업소득 (천원/㎡),45.4,52.3,51.1,50.4,44.8,46.9,46.9
"충남","태안터미널",소계,임대수입 (%),100.0,100.0,100.0,100.0,100.0,100.0,100.0
"충남","태안터미널",소계,기타수입 (%),0.0,0.0,0.0,0.0,0.0,0.0,0.0
"충남","태안터미널",소계,운영경비 (%),31.4,15.3,15.6,15.7,34.2,16.2,16.2
"충남","태안터미널",소계,순영업소득 (%),68.6,84.7,84.4,84.3,65.8,83.8,83.8
"충남","태안터미널",소계,순영업소득 (천원/㎡),19.3,23.9,23.3,23.2,17.4,22.4,22.4
"충남","합덕버스터미널",소계,임대수입 (%),100.0,100.0,100.0,100.0,100.0,100.0,100.0
"충남","합덕버스터미널",소계,기타수입 (%),0.0,0.0,0.0,0.0,0.0,0.0,0.0
"충남","합덕버스터미널",소계,운영경비 (%),38.0,17.7,17.8,17.9,39.1,14.3,14.3
"충남","합덕버스터미널",소계,순영업소득 (%),62.0,82.3,82.2,82.1,60.9,85.7,85.7
"충남","합덕버스터미널",소계,순영업소득 (천원/㎡),13.8,18.3,18.3,18.2,13.2,18.7,18.7
"전북","소계",소계,임대수입 (%),100.0,100.0,100.0,100.0,100.0,100.0,100.0
"전북","소계",소계,기타수입 (%),0.0,0.0,0.0,0.0,0.0,0.0,0.0
"전북","소계",소계,운영경비 (%),35.2,20.0,20.2,20.3,37.4,20.4,21.7
"전북","소계",소계,순영업소득 (%),64.8,80.0,79.8,79.7,62.6,79.6,78.3
"전북","소계",소계,순영업소득 (천원/㎡),16.3,19.9,19.9,19.8,15.3,19.5,19.0
"전북","군산수송동조촌동",소계,임대수입 (%),100.0,100.0,100.0,100.0,100.0,100.0,100.0
"전북","군산수송동조촌동",소계,기타수입 (%),0.0,0.0,0.0,0.0,0.0,0.0,0.0
"전북","군산수송동조촌동",소계,운영경비 (%),34.7,23.3,23.4,23.5,37.6,23.3,21.9
"전북","군산수송동조촌동",소계,순영업소득 (%),65.3,76.7,76.6,76.5,62.4,76.7,78.1
"전북","군산수송동조촌동",소계,순영업소득 (천원/㎡),17.5,19.9,19.8,19.7,16.2,19.9,20.3
"전북","군산원도심",소계,임대수입 (%),100.0,100.0,100.0,100.0,100.0,100.0,100.0
"전북","군산원도심",소계,기타수입 (%),0.0,0.0,0.0,0.0,0.0,0.0,0.0
"전북","군산원도심",소계,운영경비 (%),33.1,16.9,17.0,17.1,35.4,17.2,19.9
"전북","군산원도심",소계,순영업소득 (%),66.9,83.1,83.0,82.9,64.6,82.8,80.1
"전북","군산원도심",소계,순영업소득 (천원/㎡),9.1,11.3,11.2,11.1,8.5,11.0,10.7
"전북","김제시장",소계,임대수입 (%),100.0,100.0,100.0,100.0,100.0,100.0,100.0
"전북","김제시장",소계,기타수입 (%),0.0,0.0,0.0,0.0,0.0,0.0,0.0
"전북","김제시장",소계,운영경비 (%),33.7,16.3,16.4,17.9,34.9,18.5,26.4
"전북","김제시장",소계,순영업소득 (%),66.3,83.7,83.6,82.1,65.1,81.5,73.6
"전북","김제시장",소계,순영업소득 (천원/㎡),13.0,16.4,16.3,15.1,12.3,15.5,13.8
"전북","남원광한루",소계,임대수입 (%),100.0,100.0,100.0,100.0,100.0,100.0,100.0
"전북","남원광한루",소계,기타수입 (%),0.0,0.0,0.0,0.0,0.0,0.0,0.0
"전북","남원광한루",소계,운영경비 (%),34.1,21.5,21.6,21.6,40.7,22.1,22.0
"전북","남원광한루",소계,순영업소득 (%),65.9,78.5,78.4,78.4,59.3,77.9,78.0
"전북","남원광한루",소계,순영업소득 (천원/㎡),14.8,17.7,17.8,17.8,13.0,17.1,17.2
"전북","송천동",소계,임대수입 (%),100.0,100.0,100.0,100.0,100.0,100.0,100.0
"전북","송천동",소계,기타수입 (%),0.0,0.0,0.0,0.0,0.0,0.0,0.0
"전북","송천동",소계,운영경비 (%),33.5,16.7,17.3,17.4,34.7,17.3,18.3
"전북","송천동",소계,순영업소득 (%),66.5,83.3,82.7,82.6,65.3,82.7,81.7
"전북","송천동",소계,순영업소득 (천원/㎡),19.3,23.8,23.5,23.5,18.6,23.7,23.0
"전북","영등부송",소계,임대수입 (%),100.0,100.0,100.0,100.0,100.0,100.0,100.0
"전북","영등부송",소계,기타수입 (%),0.0,0.0,0.0,0.0,0.0,0.0,0.0
"전북","영등부송",소계,운영경비 (%),47.6,35.1,35.4,35.8,53.8,35.7,28.6
"전북","영등부송",소계,순영업소득 (%),52.4,64.9,64.6,64.2,46.2,64.3,71.4
"전북","영등부송",소계,순영업소득 (천원/㎡),10.6,13.1,13.0,12.8,9.1,12.8,14.3
"전북","익산역",소계,임대수입 (%),100.0,100.0,100.0,100.0,100.0,100.0,100.0
"전북","익산역",소계,기타수입 (%),0.0,0.0,0.0,0.0,0.0,0.0,0.0
"전북","익산역",소계,운영경비 (%),44.9,28.5,28.3,28.0,46.7,28.4,28.9
"전북","익산역",소계,순영업소득 (%),55.1,71.5,71.7,72.0,53.3,71.6,71.1
"전북","익산역",소계,순영업소득 (천원/㎡),9.4,11.9,12.0,12.2,8.9,12.1,11.6
"전북","전주동부",소계,임대수입 (%),100.0,100.0,100.0,100.0,100.0,100.0,100.0
"전북","전주동부",소계,기타수입 (%),0.0,0.0,0.0,0.0,0.0,0.0,0.0
"전북","전주동부",소계,운영경비 (%),31.8,21.1,22.9,23.4,35.6,24.4,24.5
"전북","전주동부",소계,순영업소득 (%),68.2,78.9,77.1,76.6,64.4,75.6,75.5
"전북","전주동부",소계,순영업소득 (천원/㎡),19.4,22.2,21.2,21.1,17.9,19.7,19.7
"전북","전주서부",소계,임대수입 (%),100.0,100.0,100.0,100.0,100.0,100.0,100.0
"전북","전주서부",소계,기타수입 (%),0.0,0.0,0.0,0.0,0.0,0.0,0.0
"전북","전주서부",소계,운영경비 (%),30.8,14.6,14.3,14.3,31.1,14.3,15.0
"전북","전주서부",소계,순영업소득 (%),69.2,85.4,85.7,85.7,68.9,85.7,85.0
"전북","전주서부",소계,순영업소득 (천원/㎡),23.3,28.8,29.2,29.0,23.2,29.0,27.4
"전북","전주한옥마을",소계,임대수입 (%),100.0,100.0,100.0,100.0,100.0,100.0,100.0
"전북","전주한옥마을",소계,기타수입 (%),0.0,0.0,0.0,0.0,0.0,0.0,0.0
"전북","전주한옥마을",소계,운영경비 (%),30.7,17.3,16.5,16.5,32.9,16.9,19.1
"전북","전주한옥마을",소계,순영업소득 (%),69.3,82.7,83.5,83.5,67.1,83.1,80.9
"전북","전주한옥마을",소계,순영업소득 (천원/㎡),69.4,74.8,83.4,82.8,66.3,82.6,80.5
"전북","정읍중심",소계,임대수입 (%),99.5,99.5,99.5,99.5,99.5,100.0,100.0
"전북","정읍중심",소계,기타수입 (%),0.5,0.5,0.5,0.5,0.5,0.0,0.0
"전북","정읍중심",소계,운영경비 (%),44.4,29.4,29.6,30.3,42.6,27.1,26.6
"전북","정읍중심",소계,순영업소득 (%),55.6,70.6,70.4,69.7,57.4,72.9,73.4
"전북","정읍중심",소계,순영업소득 (천원/㎡),15.0,19.1,18.9,18.3,14.8,19.1,19.2
"전남","소계",소계,임대수입 (%),99.5,99.5,99.5,99.5,99.5,99.5,99.5
"전남","소계",소계,기타수입 (%),0.5,0.5,0.5,0.5,0.5,0.5,0.5
"전남","소계",소계,운영경비 (%),32.5,21.0,21.7,22.8,41.1,24.8,24.2
"전남","소계",소계,순영업소득 (%),67.5,79.0,78.3,77.2,58.9,75.2,75.8
"전남","소계",소계,순영업소득 (천원/㎡),17.6,20.5,20.1,19.1,14.4,18.4,18.7
"전남","광양읍",소계,임대수입 (%),100.0,100.0,100.0,100.0,100.0,100.0,100.0
"전남","광양읍",소계,기타수입 (%),0.0,0.0,0.0,0.0,0.0,0.0,0.0
"전남","광양읍",소계,운영경비 (%),43.1,26.4,27.0,27.6,48.8,27.1,27.9
"전남","광양읍",소계,순영업소득 (%),56.9,73.6,73.0,72.4,51.2,72.9,72.1
"전남","광양읍",소계,순영업소득 (천원/㎡),10.5,13.0,12.6,12.8,9.0,13.3,12.7
"전남","광양중동",소계,임대수입 (%),100.0,100.0,100.0,100.0,100.0,100.0,100.0
"전남","광양중동",소계,기타수입 (%),0.0,0.0,0.0,0.0,0.0,0.0,0.0
"전남","광양중동",소계,운영경비 (%),26.2,25.1,25.8,26.0,42.4,29.4,32.0
"전남","광양중동",소계,순영업소득 (%),73.8,74.9,74.2,74.0,57.6,70.6,68.0
"전남","광양중동",소계,순영업소득 (천원/㎡),18.9,19.2,19.4,19.2,14.8,18.4,16.3
"전남","나주구시가지",소계,임대수입 (%),100.0,100.0,100.0,100.0,100.0,100.0,100.0
"전남","나주구시가지",소계,기타수입 (%),0.0,0.0,0.0,0.0,0.0,0.0,0.0
"전남","나주구시가지",소계,운영경비 (%),30.6,15.6,15.8,15.9,29.6,15.1,15.7
"전남","나주구시가지",소계,순영업소득 (%),69.4,84.4,84.2,84.1,70.4,84.9,84.3
"전남","나주구시가지",소계,순영업소득 (천원/㎡),14.6,17.7,17.5,17.3,15.3,18.6,18.5
"전남","목포구도심",소계,임대수입 (%),100.0,100.0,100.0,100.0,100.0,100.0,100.0
"전남","목포구도심",소계,기타수입 (%),0.0,0.0,0.0,0.0,0.0,0.0,0.0
"전남","목포구도심",소계,운영경비 (%),35.0,19.4,19.8,20.9,37.2,21.1,19.9
"전남","목포구도심",소계,순영업소득 (%),65.0,80.6,80.2,79.1,62.8,78.9,80.1
"전남","목포구도심",소계,순영업소득 (천원/㎡),10.6,13.1,13.0,12.7,10.0,12.5,12.1
"전남","무선지구",소계,임대수입 (%),100.0,100.0,100.0,100.0,100.0,100.0,100.0
"전남","무선지구",소계,기타수입 (%),0.0,0.0,0.0,0.0,0.0,0.0,0.0
"전남","무선지구",소계,운영경비 (%),40.9,28.2,30.8,31.1,48.0,31.5,33.1
"전남","무선지구",소계,순영업소득 (%),59.1,71.8,69.2,68.9,52.0,68.5,66.9
"전남","무선지구",소계,순영업소득 (천원/㎡),13.2,16.0,15.3,15.1,11.3,15.1,14.9
"전남","순천법원",소계,임대수입 (%),100.0,100.0,100.0,100.0,100.0,100.0,100.0
"전남","순천법원",소계,기타수입 (%),0.0,0.0,0.0,0.0,0.0,0.0,0.0
"전남","순천법원",소계,운영경비 (%),27.2,21.5,21.6,22.8,48.2,25.2,25.4
"전남","순천법원",소계,순영업소득 (%),72.8,78.5,78.4,77.2,51.8,74.8,74.6
"전남","순천법원",소계,순영업소득 (천원/㎡),23.4,25.2,24.9,23.3,16.4,21.5,23.0
"전남","순천원도심",소계,임대수입 (%),100.0,100.0,100.0,100.0,100.0,100.0,100.0
"전남","순천원도심",소계,기타수입 (%),0.0,0.0,0.0,0.0,0.0,0.0,0.0
"전남","순천원도심",소계,운영경비 (%),28.7,24.1,24.3,24.8,43.3,26.2,25.5
"전남","순천원도심",소계,순영업소득 (%),71.3,75.9,75.7,75.2,56.7,73.8,74.5
"전남","순천원도심",소계,순영업소득 (천원/㎡),18.2,19.6,19.4,19.0,14.1,19.1,19.3
"전남","여수여문",소계,임대수입 (%),100.0,100.0,100.0,100.0,100.0,100.0,100.0
"전남","여수여문",소계,기타수입 (%),0.0,0.0,0.0,0.0,0.0,0.0,0.0
"전남","여수여문",소계,운영경비 (%),52.8,31.8,32.5,31.9,55.3,44.6,44.5
"전남","여수여문",소계,순영업소득 (%),47.2,68.2,67.5,68.1,44.7,55.4,55.5
"전남","여수여문",소계,순영업소득 (천원/㎡),11.3,16.1,15.8,16.3,10.9,13.4,13.4
"전남","여수원도심",소계,임대수입 (%),92.8,92.8,92.5,90.3,90.3,90.4,91.5
"전남","여수원도심",소계,기타수입 (%),7.2,7.2,7.5,9.7,9.7,9.6,8.5
"전남","여수원도심",소계,운영경비 (%),37.3,25.1,26.1,34.3,54.7,41.9,36.3
"전남","여수원도심",소계,순영업소득 (%),62.7,74.9,73.9,65.7,45.3,58.1,63.7
"전남","여수원도심",소계,순영업소득 (천원/㎡),30.5,36.5,34.8,23.9,16.3,21.1,25.5
"전남","여수학동",소계,임대수입 (%),100.0,100.0,100.0,100.0,100.0,100.0,100.0
"전남","여수학동",소계,기타수입 (%),0.0,0.0,0.0,0.0,0.0,0.0,0.0
"전남","여수학동",소계,운영경비 (%),40.5,21.1,21.7,21.9,42.4,22.0,21.4
"전남","여수학동",소계,순영업소득 (%),59.5,78.9,78.3,78.1,57.6,78.0,78.6
"전남","여수학동",소계,순영업소득 (천원/㎡),14.1,19.3,18.6,18.5,13.5,18.4,19.3
"전남","조례",소계,임대수입 (%),100.0,100.0,100.0,100.0,100.0,100.0,100.0
"전남","조례",소계,기타수입 (%),0.0,0.0,0.0,0.0,0.0,0.0,0.0
"전남","조례",소계,운영경비 (%),8.5,6.6,6.9,7.6,29.7,8.9,7.0
"전남","조례",소계,순영업소득 (%),91.5,93.4,93.1,92.4,70.3,91.1,93.0
"전남","조례",소계,순영업소득 (천원/㎡),37.0,37.7,37.3,37.2,25.8,37.1,38.0
"전남","하당신도심",소계,임대수입 (%),100.0,100.0,100.0,100.0,100.0,100.0,100.0
"전남","하당신도심",소계,기타수입 (%),0.0,0.0,0.0,0.0,0.0,0.0,0.0
"전남","하당신도심",소계,운영경비 (%),46.6,17.3,18.4,18.2,34.1,17.9,19.1
"전남","하당신도심",소계,순영업소득 (%),53.4,82.7,81.6,81.8,65.9,82.1,80.9
"전남","하당신도심",소계,순영업소득 (천원/㎡),12.4,19.3,17.9,18.8,15.1,15.4,14.3
"경북","소계",소계,임대수입 (%),100.0,100.0,100.0,100.0,100.0,100.0,100.0
"경북","소계",소계,기타수입 (%),0.0,0.0,0.0,0.0,0.0,0.0,0.0
"경북","소계",소계,운영경비 (%),30.0,9.9,10.1,10.4,31.9,11.1,12.1
"경북","소계",소계,순영업소득 (%),70.0,90.1,89.9,89.6,68.1,88.9,87.9
"경북","소계",소계,순영업소득 (천원/㎡),21.8,28.0,27.7,27.2,20.5,26.8,26.5
"경북","가흥택지개발지구",소계,임대수입 (%),100.0,100.0,100.0,100.0,100.0,100.0,100.0
"경북","가흥택지개발지구",소계,기타수입 (%),0.0,0.0,0.0,0.0,0.0,0.0,0.0
"경북","가흥택지개발지구",소계,운영경비 (%),22.6,9.5,9.6,9.8,24.9,10.8,9.9
"경북","가흥택지개발지구",소계,순영업소득 (%),77.4,90.5,90.4,90.2,75.1,89.2,90.1
"경북","가흥택지개발지구",소계,순영업소득 (천원/㎡),23.4,26.5,26.4,26.4,22.2,26.6,26.9
"경북","경산시청",소계,임대수입 (%),100.0,100.0,100.0,100.0,100.0,100.0,100.0
"경북","경산시청",소계,기타수입 (%),0.0,0.0,0.0,0.0,0.0,0.0,0.0
"경북","경산시청",소계,운영경비 (%),32.7,7.2,7.3,7.3,31.7,9.2,9.4
"경북","경산시청",소계,순영업소득 (%),67.3,92.8,92.7,92.7,68.3,90.8,90.6
"경북","경산시청",소계,순영업소득 (천원/㎡),25.3,35.7,35.4,35.1,25.7,31.0,31.6
"경북","경주도심",소계,임대수입 (%),100.0,100.0,100.0,100.0,100.0,100.0,100.0
"경북","경주도심",소계,기타수입 (%),0.0,0.0,0.0,0.0,0.0,0.0,0.0
"경북","경주도심",소계,운영경비 (%),35.0,12.3,12.4,12.0,34.0,12.7,14.6
"경북","경주도심",소계,순영업소득 (%),65.0,87.7,87.6,88.0,66.0,87.3,85.4
"경북","경주도심",소계,순영업소득 (천원/㎡),26.9,36.4,36.1,36.7,27.2,37.7,36.8
"경북","구미산업단지",소계,임대수입 (%),100.0,100.0,100.0,100.0,100.0,100.0,100.0
"경북","구미산업단지",소계,기타수입 (%),0.0,0.0,0.0,0.0,0.0,0.0,0.0
"경북","구미산업단지",소계,운영경비 (%),39.4,17.0,17.1,18.2,42.3,19.3,19.3
"경북","구미산업단지",소계,순영업소득 (%),60.6,83.0,82.9,81.8,57.7,80.7,80.7
"경북","구미산업단지",소계,순영업소득 (천원/㎡),25.1,34.5,34.3,31.8,22.1,29.4,29.5
"경북","구미선주원남동",소계,임대수입 (%),100.0,100.0,100.0,100.0,100.0,100.0,100.0
"경북","구미선주원남동",소계,기타수입 (%),0.0,0.0,0.0,0.0,0.0,0.0,0.0
"경북","구미선주원남동",소계,운영경비 (%),28.9,11.7,11.9,13.0,34.5,12.5,14.3
"경북","구미선주원남동",소계,순영업소득 (%),71.1,88.3,88.1,87.0,65.5,87.5,85.7
"경북","구미선주원남동",소계,순영업소득 (천원/㎡),25.0,31.1,30.8,30.3,22.7,31.6,31.2
"경북","구미역",소계,임대수입 (%),100.0,100.0,100.0,100.0,100.0,100.0,100.0
"경북","구미역",소계,기타수입 (%),0.0,0.0,0.0,0.0,0.0,0.0,0.0
"경북","구미역",소계,운영경비 (%),28.5,4.7,4.8,5.4,32.4,5.7,6.3
"경북","구미역",소계,순영업소득 (%),71.5,95.3,95.2,94.6,67.6,94.3,93.7
"경북","구미역",소계,순영업소득 (천원/㎡),24.0,32.0,31.8,29.0,20.8,30.4,30.1
"경북","문경점촌흥덕",소계,임대수입 (%),100.0,100.0,100.0,100.0,100.0,100.0,100.0
"경북","문경점촌흥덕",소계,기타수입 (%),0.0,0.0,0.0,0.0,0.0,0.0,0.0
"경북","문경점촌흥덕",소계,운영경비 (%),34.1,18.6,18.7,19.6,37.3,23.9,29.9
"경북","문경점촌흥덕",소계,순영업소득 (%),65.9,81.4,81.3,80.4,62.7,76.1,70.1
"경북","문경점촌흥덕",소계,순영업소득 (천원/㎡),13.0,16.0,15.9,15.0,11.1,13.5,12.4
"경북","상주동문동",소계,임대수입 (%),100.0,100.0,100.0,100.0,100.0,100.0,100.0
"경북","상주동문동",소계,기타수입 (%),0.0,0.0,0.0,0.0,0.0,0.0,0.0
"경북","상주동문동",소계,운영경비 (%),24.0,2.3,2.5,2.8,30.2,4.8,4.8
"경북","상주동문동",소계,순영업소득 (%),76.0,97.7,97.5,97.2,69.8,95.2,95.2
"경북","상주동문동",소계,순영업소득 (천원/㎡),17.5,22.6,21.0,20.2,14.4,19.8,19.7
"경북","안동구도심",소계,임대수입 (%),100.0,100.0,100.0,100.0,100.0,100.0,100.0
"경북","안동구도심",소계,기타수입 (%),0.0,0.0,0.0,0.0,0.0,0.0,0.0
"경북","안동구도심",소계,운영경비 (%),28.1,11.7,11.7,11.6,28.7,13.7,13.7
"경북","안동구도심",소계,순영업소득 (%),71.9,88.3,88.3,88.4,71.3,86.3,86.3
"경북","안동구도심",소계,순영업소득 (천원/㎡),19.9,24.5,24.4,24.5,19.5,23.5,23.6
"경북","양덕동",소계,임대수입 (%),100.0,100.0,100.0,100.0,100.0,100.0,100.0
"경북","양덕동",소계,기타수입 (%),0.0,0.0,0.0,0.0,0.0,0.0,0.0
"경북","양덕동",소계,운영경비 (%),45.9,12.7,13.0,13.1,48.8,12.9,18.1
"경북","양덕동",소계,순영업소득 (%),54.1,87.3,87.0,86.9,51.2,87.1,81.9
"경북","양덕동",소계,순영업소득 (천원/㎡),13.0,19.7,19.2,19.1,11.6,19.9,19.6
"경북","영일대해수욕장",소계,임대수입 (%),100.0,100.0,100.0,100.0,100.0,100.0,100.0
"경북","영일대해수욕장",소계,기타수입 (%),0.0,0.0,0.0,0.0,0.0,0.0,0.0
"경북","영일대해수욕장",소계,운영경비 (%),28.3,7.3,7.4,7.3,30.0,7.3,7.3
"경북","영일대해수욕장",소계,순영업소득 (%),71.7,92.7,92.6,92.7,70.0,92.7,92.7
"경북","영일대해수욕장",소계,순영업소득 (천원/㎡),29.0,37.6,36.7,37.3,28.0,37.3,37.3
"경북","영주중앙",소계,임대수입 (%),100.0,100.0,100.0,100.0,100.0,100.0,100.0
"경북","영주중앙",소계,기타수입 (%),0.0,0.0,0.0,0.0,0.0,0.0,0.0
"경북","영주중앙",소계,운영경비 (%),35.4,13.6,13.8,13.8,33.4,15.9,16.5
"경북","영주중앙",소계,순영업소득 (%),64.6,86.4,86.2,86.2,66.6,84.1,83.5
"경북","영주중앙",소계,순영업소득 (천원/㎡),9.8,15.6,15.4,15.4,10.5,13.0,13.5
"경북","옥동사거리",소계,임대수입 (%),100.0,100.0,100.0,100.0,100.0,100.0,100.0
"경북","옥동사거리",소계,기타수입 (%),0.0,0.0,0.0,0.0,0.0,0.0,0.0
"경북","옥동사거리",소계,운영경비 (%),35.9,11.9,11.9,12.0,31.9,12.3,13.1
"경북","옥동사거리",소계,순영업소득 (%),64.1,88.1,88.1,88.0,68.1,87.7,86.9
"경북","옥동사거리",소계,순영업소득 (천원/㎡),18.9,26.1,25.9,25.8,19.8,25.7,25.5
"경북","포항원도심",소계,임대수입 (%),100.0,100.0,100.0,100.0,100.0,100.0,100.0
"경북","포항원도심",소계,기타수입 (%),0.0,0.0,0.0,0.0,0.0,0.0,0.0
"경북","포항원도심",소계,운영경비 (%),29.9,10.0,10.0,10.1,29.1,11.4,12.8
"경북","포항원도심",소계,순영업소득 (%),70.1,90.0,90.0,89.9,70.9,88.6,87.2
"경북","포항원도심",소계,순영업소득 (천원/㎡),18.4,23.7,23.6,23.4,17.8,22.2,22.1
"경북","포항중앙",소계,임대수입 (%),100.0,100.0,100.0,100.0,100.0,100.0,100.0
"경북","포항중앙",소계,기타수입 (%),0.0,0.0,0.0,0.0,0.0,0.0,0.0
"경북","포항중앙",소계,운영경비 (%),36.6,12.0,11.5,12.2,39.8,12.3,11.7
"경북","포항중앙",소계,순영업소득 (%),63.4,88.0,88.5,87.8,60.2,87.7,88.3
"경북","포항중앙",소계,순영업소득 (천원/㎡),16.2,20.9,21.9,20.8,14.2,21.1,21.3
"경북","포항효자동",소계,임대수입 (%),100.0,100.0,100.0,100.0,100.0,100.0,100.0
"경북","포항효자동",소계,기타수입 (%),0.0,0.0,0.0,0.0,0.0,0.0,0.0
"경북","포항효자동",소계,운영경비 (%),30.0,10.3,10.8,10.5,30.4,10.1,10.7
"경북","포항효자동",소계,순영업소득 (%),70.0,89.7,89.2,89.5,69.6,89.9,89.3
"경북","포항효자동",소계,순영업소득 (천원/㎡),30.7,39.5,37.6,39.8,32.1,41.7,41.4
"경북","황리단길",소계,임대수입 (%),100.0,100.0,100.0,100.0,100.0,100.0,100.0
"경북","황리단길",소계,기타수입 (%),0.0,0.0,0.0,0.0,0.0,0.0,0.0
"경북","황리단길",소계,운영경비 (%),15.4,3.1,4.4,4.5,17.4,4.4,4.4
"경북","황리단길",소계,순영업소득 (%),84.6,96.9,95.6,95.5,82.6,95.6,95.6
"경북","황리단길",소계,순영업소득 (천원/㎡),81.7,93.7,92.0,91.6,79.2,92.0,92.1
"경남","소계",소계,임대수입 (%),99.7,99.6,99.6,99.7,99.7,99.7,99.7
"경남","소계",소계,기타수입 (%),0.3,0.4,0.4,0.3,0.3,0.3,0.3
"경남","소계",소계,운영경비 (%),34.2,15.3,15.9,16.5,37.3,16.3,16.7
"경남","소계",소계,순영업소득 (%),65.8,84.7,84.1,83.5,62.7,83.7,83.3
"경남","소계",소계,순영업소득 (천원/㎡),20.4,26.2,25.4,24.7,18.5,24.9,25.0
"경남","거제고현",소계,임대수입 (%),100.0,100.0,100.0,100.0,100.0,100.0,100.0
"경남","거제고현",소계,기타수입 (%),0.0,0.0,0.0,0.0,0.0,0.0,0.0
"경남","거제고현",소계,운영경비 (%),31.8,10.7,11.1,12.7,35.2,12.7,12.5
"경남","거제고현",소계,순영업소득 (%),68.2,89.3,88.9,87.3,64.8,87.3,87.5
"경남","거제고현",소계,순영업소득 (천원/㎡),26.8,34.2,33.0,30.4,21.9,30.4,30.9
"경남","거제옥포",소계,임대수입 (%),98.6,98.5,98.4,98.3,98.4,98.4,98.4
"경남","거제옥포",소계,기타수입 (%),1.4,1.5,1.6,1.7,1.6,1.6,1.6
"경남","거제옥포",소계,운영경비 (%),36.2,12.8,13.9,14.1,39.0,14.2,14.3
"경남","거제옥포",소계,순영업소득 (%),63.8,87.2,86.1,85.9,61.0,85.8,85.7
"경남","거제옥포",소계,순영업소득 (천원/㎡),17.8,23.8,21.4,21.3,15.8,21.8,21.5
"경남","김해시청/동상시장",소계,임대수입 (%),100.0,100.0,100.0,100.0,100.0,100.0,100.0
"경남","김해시청/동상시장",소계,기타수입 (%),0.0,0.0,0.0,0.0,0.0,0.0,0.0
"경남","김해시청/동상시장",소계,운영경비 (%),35.3,13.2,13.3,13.3,36.1,13.2,13.0
"경남","김해시청/동상시장",소계,순영업소득 (%),64.7,86.8,86.7,86.7,63.9,86.8,87.0
"경남","김해시청/동상시장",소계,순영업소득 (천원/㎡),16.4,22.1,22.0,22.0,16.1,22.2,22.6
"경남","마산동서동",소계,임대수입 (%),100.0,100.0,100.0,100.0,100.0,100.0,100.0
"경남","마산동서동",소계,기타수입 (%),0.0,0.0,0.0,0.0,0.0,0.0,0.0
"경남","마산동서동",소계,운영경비 (%),27.9,11.5,11.4,11.7,28.8,11.7,11.4
"경남","마산동서동",소계,순영업소득 (%),72.1,88.5,88.6,88.3,71.2,88.3,88.6
"경남","마산동서동",소계,순영업소득 (천원/㎡),26.4,32.6,32.9,31.9,25.6,31.9,32.9
"경남","마산역버스터미널",소계,임대수입 (%),100.0,100.0,100.0,100.0,100.0,100.0,100.0
"경남","마산역버스터미널",소계,기타수입 (%),0.0,0.0,0.0,0.0,0.0,0.0,0.0
"경남","마산역버스터미널",소계,운영경비 (%),51.3,37.2,40.0,39.2,55.7,40.0,41.1
"경남","마산역버스터미널",소계,순영업소득 (%),48.7,62.8,60.0,60.8,44.3,60.0,58.9
"경남","마산역버스터미널",소계,순영업소득 (천원/㎡),16.9,21.9,21.2,22.0,15.9,20.4,19.5
"경남","밀양원도심/삼문동",소계,임대수입 (%),100.0,100.0,100.0,100.0,100.0,100.0,100.0
"경남","밀양원도심/삼문동",소계,기타수입 (%),0.0,0.0,0.0,0.0,0.0,0.0,0.0
"경남","밀양원도심/삼문동",소계,운영경비 (%),33.8,15.0,14.3,16.0,37.3,18.6,17.7
"경남","밀양원도심/삼문동",소계,순영업소득 (%),66.2,85.0,85.7,84.0,62.7,81.4,82.3
"경남","밀양원도심/삼문동",소계,순영업소득 (천원/㎡),17.6,22.2,22.2,20.2,15.3,18.8,19.0
"경남","양산구도심",소계,임대수입 (%),100.0,100.0,100.0,100.0,100.0,100.0,100.0
"경남","양산구도심",소계,기타수입 (%),0.0,0.0,0.0,0.0,0.0,0.0,0.0
"경남","양산구도심",소계,운영경비 (%),45.3,13.6,13.7,13.9,45.3,14.1,14.5
"경남","양산구도심",소계,순영업소득 (%),54.7,86.4,86.3,86.1,54.7,85.9,85.5
"경남","양산구도심",소계,순영업소득 (천원/㎡),12.3,19.7,19.5,19.7,12.4,19.4,18.8
"경남","용원동",소계,임대수입 (%),100.0,100.0,100.0,100.0,100.0,100.0,100.0
"경남","용원동",소계,기타수입 (%),0.0,0.0,0.0,0.0,0.0,0.0,0.0
"경남","용원동",소계,운영경비 (%),50.2,14.8,15.5,15.7,46.3,8.9,8.9
"경남","용원동",소계,순영업소득 (%),49.8,85.2,84.5,84.3,53.7,91.1,91.1
"경남","용원동",소계,순영업소득 (천원/㎡),15.4,26.5,25.2,25.0,15.8,29.7,29.7
"경남","진주중앙시장",소계,임대수입 (%),100.0,100.0,100.0,100.0,100.0,100.0,100.0
"경남","진주중앙시장",소계,기타수입 (%),0.0,0.0,0.0,0.0,0.0,0.0,0.0
"경남","진주중앙시장",소계,운영경비 (%),33.9,19.9,20.3,21.4,36.4,21.3,21.2
"경남","진주중앙시장",소계,순영업소득 (%),66.1,80.1,79.7,78.6,63.6,78.7,78.8
"경남","진주중앙시장",소계,순영업소득 (천원/㎡),17.7,21.5,21.1,20.4,16.5,20.6,20.6
"경남","진주하대동",소계,임대수입 (%),100.0,100.0,100.0,100.0,100.0,100.0,100.0
"경남","진주하대동",소계,기타수입 (%),0.0,0.0,0.0,0.0,0.0,0.0,0.0
"경남","진주하대동",소계,운영경비 (%),24.0,9.6,9.6,9.6,26.7,9.7,14.9
"경남","진주하대동",소계,순영업소득 (%),76.0,90.4,90.4,90.4,73.3,90.3,85.1
"경남","진주하대동",소계,순영업소득 (천원/㎡),24.7,29.5,29.3,29.1,23.3,28.9,27.0
"경남","진해석동",소계,임대수입 (%),100.0,100.0,100.0,100.0,100.0,100.0,100.0
"경남","진해석동",소계,기타수입 (%),0.0,0.0,0.0,0.0,0.0,0.0,0.0
"경남","진해석동",소계,운영경비 (%),33.1,15.7,15.8,18.7,30.5,14.3,17.8
"경남","진해석동",소계,순영업소득 (%),66.9,84.3,84.2,81.3,69.5,85.7,82.2
"경남","진해석동",소계,순영업소득 (천원/㎡),35.9,45.4,45.0,43.2,36.8,41.7,40.1
"경남","창원시청",소계,임대수입 (%),100.0,100.0,100.0,100.0,100.0,100.0,100.0
"경남","창원시청",소계,기타수입 (%),0.0,0.0,0.0,0.0,0.0,0.0,0.0
"경남","창원시청",소계,운영경비 (%),34.5,14.2,14.5,14.8,36.4,15.0,15.3
"경남","창원시청",소계,순영업소득 (%),65.5,85.8,85.5,85.2,63.6,85.0,84.7
"경남","창원시청",소계,순영업소득 (천원/㎡),16.6,21.8,21.5,21.2,15.7,20.9,20.7
"경남","창원역",소계,임대수입 (%),100.0,100.0,100.0,100.0,100.0,100.0,100.0
"경남","창원역",소계,기타수입 (%),0.0,0.0,0.0,0.0,0.0,0.0,0.0
"경남","창원역",소계,운영경비 (%),42.7,19.1,22.2,22.4,45.9,22.4,22.3
"경남","창원역",소계,순영업소득 (%),57.3,80.9,77.8,77.6,54.1,77.6,77.7
"경남","창원역",소계,순영업소득 (천원/㎡),30.1,42.7,40.8,40.5,28.0,40.5,40.6
"경남","창원월영동",소계,임대수입 (%),95.7,95.7,95.6,96.7,96.7,96.7,96.8
"경남","창원월영동",소계,기타수입 (%),4.3,4.3,4.4,3.3,3.3,3.3,3.2
"경남","창원월영동",소계,운영경비 (%),39.8,21.8,22.0,22.5,42.3,23.5,24.6
"경남","창원월영동",소계,순영업소득 (%),60.2,78.2,78.0,77.5,57.7,76.5,75.4
"경남","창원월영동",소계,순영업소득 (천원/㎡),30.4,38.5,38.2,37.0,27.4,36.8,36.6
"경남","창원의창구청",소계,임대수입 (%),100.0,100.0,100.0,100.0,100.0,100.0,100.0
"경남","창원의창구청",소계,기타수입 (%),0.0,0.0,0.0,0.0,0.0,0.0,0.0
"경남","창원의창구청",소계,운영경비 (%),28.7,10.9,10.9,10.7,34.8,10.5,10.6
"경남","창원의창구청",소계,순영업소득 (%),71.3,89.1,89.1,89.3,65.2,89.5,89.4
"경남","창원의창구청",소계,순영업소득 (천원/㎡),16.1,20.1,20.0,18.7,13.5,19.3,19.3
"경남","통영 강구안",소계,임대수입 (%),100.0,100.0,100.0,100.0,100.0,100.0,100.0
"경남","통영 강구안",소계,기타수입 (%),0.0,0.0,0.0,0.0,0.0,0.0,0.0
"경남","통영 강구안",소계,운영경비 (%),29.8,16.2,16.3,16.5,30.9,17.0,17.0
"경남","통영 강구안",소계,순영업소득 (%),70.2,83.8,83.7,83.5,69.1,83.0,83.0
"경남","통영 강구안",소계,순영업소득 (천원/㎡),30.8,36.7,36.4,36.0,29.6,34.7,34.8
"경남","통영시청",소계,임대수입 (%),100.0,100.0,100.0,100.0,100.0,100.0,100.0
"경남","통영시청",소계,기타수입 (%),0.0,0.0,0.0,0.0,0.0,0.0,0.0
"경남","통영시청",소계,운영경비 (%),24.2,8.1,9.8,11.1,28.1,11.0,11.0
"경남","통영시청",소계,순영업소득 (%),75.8,91.9,90.2,88.9,71.9,89.0,89.0
"경남","통영시청",소계,순영업소득 (천원/㎡),35.6,43.2,42.2,41.4,33.5,41.4,41.5
"경남","평거동",소계,임대수입 (%),100.0,100.0,100.0,100.0,100.0,100.0,100.0
"경남","평거동",소계,기타수입 (%),0.0,0.0,0.0,0.0,0.0,0.0,0.0
"경남","평거동",소계,운영경비 (%),25.9,12.2,13.4,13.4,29.8,13.4,13.4
"경남","평거동",소계,순영업소득 (%),74.1,87.8,86.6,86.6,70.2,86.6,86.6
"경남","평거동",소계,순영업소득 (천원/㎡),23.1,27.5,26.8,26.7,21.5,26.7,26.8
"경남","활천동",소계,임대수입 (%),100.0,100.0,100.0,100.0,100.0,100.0,100.0
"경남","활천동",소계,기타수입 (%),0.0,0.0,0.0,0.0,0.0,0.0,0.0
"경남","활천동",소계,운영경비 (%),35.7,9.7,11.2,11.9,42.8,8.3,8.5
"경남","활천동",소계,순영업소득 (%),64.3,90.3,88.8,88.1,57.2,91.7,91.5
"경남","활천동",소계,순영업소득 (천원/㎡),18.7,25.4,21.7,21.0,14.4,26.5,26.5
"제주","소계",소계,임대수입 (%),99.9,99.9,99.9,99.9,99.9,99.9,99.9
"제주","소계",소계,기타수입 (%),0.1,0.1,0.1,0.1,0.1,0.1,0.1
"제주","소계",소계,운영경비 (%),29.6,9.8,9.9,11.2,31.3,9.9,9.9
"제주","소계",소계,순영업소득 (%),70.4,90.2,90.1,88.8,68.7,90.1,90.1
"제주","소계",소계,순영업소득 (천원/㎡),25.4,31.9,31.2,32.1,24.7,32.5,32.6
"제주","광양사거리",소계,임대수입 (%),100.0,100.0,100.0,100.0,100.0,100.0,100.0
"제주","광양사거리",소계,기타수입 (%),0.0,0.0,0.0,0.0,0.0,0.0,0.0
"제주","광양사거리",소계,운영경비 (%),29.7,10.4,10.7,11.1,30.8,10.8,10.6
"제주","광양사거리",소계,순영업소득 (%),70.3,89.6,89.3,88.9,69.2,89.2,89.4
"제주","광양사거리",소계,순영업소득 (천원/㎡),21.9,28.0,27.3,27.5,21.3,27.6,27.7
"제주","노형오거리",소계,임대수입 (%),99.4,99.4,99.4,99.4,99.4,99.4,99.4
"제주","노형오거리",소계,기타수입 (%),0.6,0.6,0.6,0.6,0.6,0.6,0.6
"제주","노형오거리",소계,운영경비 (%),31.7,7.4,8.3,10.2,34.8,7.0,8.4
"제주","노형오거리",소계,순영업소득 (%),68.3,92.6,91.7,89.8,65.2,93.0,91.6
"제주","노형오거리",소계,순영업소득 (천원/㎡),34.0,44.2,42.4,42.5,31.5,46.0,45.0
"제주","서귀포도심",소계,임대수입 (%),100.0,100.0,100.0,100.0,100.0,100.0,100.0
"제주","서귀포도심",소계,기타수입 (%),0.0,0.0,0.0,0.0,0.0,0.0,0.0
"제주","서귀포도심",소계,운영경비 (%),32.7,8.7,9.1,10.5,34.7,10.9,9.2
"제주","서귀포도심",소계,순영업소득 (%),67.3,91.3,90.9,89.5,65.3,89.1,90.8
"제주","서귀포도심",소계,순영업소득 (천원/㎡),26.0,35.4,33.6,35.2,25.0,33.8,35.5
"제주","중앙사거리",소계,임대수입 (%),100.0,100.0,100.0,100.0,100.0,100.0,100.0
"제주","중앙사거리",소계,기타수입 (%),0.0,0.0,0.0,0.0,0.0,0.0,0.0
"제주","중앙사거리",소계,운영경비 (%),25.0,11.8,12.2,12.7,27.4,12.9,13.7
"제주","중앙사거리",소계,순영업소득 (%),75.0,88.2,87.8,87.3,72.6,87.1,86.3
"제주","중앙사거리",소계,순영업소득 (천원/㎡),20.3,23.9,23.1,22.7,18.8,22.3,21.5
