"자치구별(1)",자치구별(2),2023. 01,2023. 01,2023. 02,2023. 02,2023. 03,2023. 03,2023. 04,2023. 04,2023. 05,2023. 05,2023. 06,2023. 06,2023. 07,2023. 07,2023. 08,2023. 08,2023. 09,2023. 09,2023. 10,2023. 10,2023. 11,2023. 11,2023. 12,2023. 12,2024. 01,2024. 01,2024. 02,2024. 02,2024. 03,2024. 03,2024. 04,2024. 04,2024. 05,2024. 05,2024. 06,2024. 06,2024. 07,2024. 07,2024. 08,2024. 08,2024. 09,2024. 09,2024. 10,2024. 10,2024. 11,2024. 11,2024. 12,2024. 12,2025. 01,2025. 01,2025. 02,2025. 02,2025. 03,2025. 03,2025. 04,2025. 04,2025. 05,2025. 05,2025. 06,2025. 06,2025. 07,2025. 07,2025. 08,2025. 08,2025. 09,2025. 09,2025. 10,2025. 10,2025. 11,2025. 11,2025. 12,2025. 12
"자치구별(1)",자치구별(2),동(호)수 (호수),면적 (천㎡),동(호)수 (호수),면적 (천㎡),동(호)수 (호수),면적 (천㎡),동(호)수 (호수),면적 (천㎡),동(호)수 (호수),면적 (천㎡),동(호)수 (호수),면적 (천㎡),동(호)수 (호수),면적 (천㎡),동(호)수 (호수),면적 (천㎡),동(호)수 (호수),면적 (천㎡),동(호)수 (호수),면적 (천㎡),동(호)수 (호수),면적 (천㎡),동(호)수 (호수),면적 (천㎡),동(호)수 (호수),면적 (천㎡),동(호)수 (호수),면적 (천㎡),동(호)수 (호수),면적 (천㎡),동(호)수 (호수),면적 (천㎡),동(호)수 (호수),면적 (천㎡),동(호)수 (호수),면적 (천㎡),동(호)수 (호수),면적 (천㎡),동(호)수 (호수),면적 (천㎡),동(호)수 (호수),면적 (천㎡),동(호)수 (호수),면적 (천㎡),동(호)수 (호수),면적 (천㎡),동(호)수 (호수),면적 (천㎡),동(호)수 (호수),면적 (천㎡),동(호)수 (호수),면적 (천㎡),동(호)수 (호수),면적 (천㎡),동(호)수 (호수),면적 (천㎡),동(호)수 (호수),면적 (천㎡),동(호)수 (호수),면적 (천㎡),동(호)수 (호수),면적 (천㎡),동(호)수 (호수),면적 (천㎡),동(호)수 (호수),면적 (천㎡),동(호)수 (호수),면적 (천㎡),동(호)수 (호수),면적 (천㎡),동(호)수 (호수),면적 (천㎡)
"합계",소계,1161,75,2286,159,3234,225,2981,220,3711,274,4136,303,3804,283,4091,299,3845,294,2983,223,2417,178,1790,133,2456,181,2665,198,3482,258,4840,364,5182,395,6150,462,9518,726,7609,591,4951,385,4000,305,3773,288,3656,265,3233,241,4743,353,9349,722,8029,618,7221,530,10814,812,8485,666,4154,292,6796,498,11041,849,4395,343,4871,355
"합계",종로구,7,-,17,1,31,2,22,2,34,3,32,3,32,2,36,3,46,4,37,3,32,2,20,1,24,2,22,2,37,3,42,3,60,4,55,4,82,6,46,3,38,3,39,4,48,4,27,2,23,2,44,3,68,5,80,6,45,4,88,7,70,6,45,3,53,4,105,8,45,3,40,3
"합계",중구,14,1,32,3,31,3,41,3,62,4,64,4,65,5,63,5,66,5,43,3,61,4,33,3,42,3,47,3,57,4,69,5,84,6,70,5,150,12,104,8,65,5,65,5,54,4,67,5,69,5,96,7,151,12,139,11,104,8,180,14,126,10,56,4,100,8,192,16,69,5,78,5
"합계",용산구,11,1,28,3,30,3,46,4,52,5,60,6,66,6,59,6,64,7,69,7,64,7,39,4,35,3,51,5,60,6,96,10,84,8,134,13,162,15,176,17,87,9,92,9,73,8,78,7,68,6,88,8,247,24,175,17,83,8,115,11,187,18,155,10,132,9,122,11,139,12,101,8
"합계",성동구,31,2,79,6,120,9,109,8,165,12,168,13,189,14,202,15,182,15,133,11,105,9,76,6,110,8,114,9,188,14,253,19,260,20,389,29,463,35,386,31,233,19,150,11,149,12,174,14,161,12,280,21,579,44,459,36,407,32,808,66,423,36,137,10,424,33,612,50,134,10,189,9
"합계",광진구,27,2,45,3,50,4,53,5,66,5,84,7,64,5,66,5,89,7,61,5,48,5,39,3,67,6,68,6,75,6,112,9,88,7,234,13,247,20,174,15,111,8,83,7,80,7,77,6,93,7,104,8,244,20,210,17,186,16,321,27,219,18,70,5,199,15,331,27,122,8,79,6
"합계",동대문구,58,4,105,6,128,9,147,10,151,11,196,15,169,12,146,11,159,11,107,7,112,6,69,5,106,6,109,7,150,11,212,15,238,17,232,17,403,30,305,22,198,14,152,10,201,11,162,10,155,10,211,15,373,28,396,23,432,27,557,34,362,27,183,13,366,26,706,55,179,13,270,17
"합계",중랑구,26,2,61,4,66,4,71,5,99,6,143,8,107,6,75,5,87,6,93,7,75,4,52,3,74,5,68,4,110,7,145,9,148,11,156,11,220,16,204,15,143,10,142,9,93,6,84,6,78,6,116,8,173,12,167,11,156,11,273,19,205,14,314,14,263,14,288,21,111,8,156,11
"합계",성북구,134,7,153,10,157,11,161,11,217,15,179,13,192,14,203,15,192,14,168,13,127,9,130,10,139,10,156,12,177,13,256,19,280,21,297,22,535,40,403,30,263,20,226,17,180,14,146,10,142,10,247,18,389,29,336,25,419,30,569,42,418,33,300,18,419,31,667,49,198,15,329,26
"합계",강북구,21,1,35,3,71,5,51,4,67,5,125,6,71,5,170,6,76,6,40,3,92,5,30,2,50,3,38,3,79,6,57,4,82,6,88,6,144,11,106,8,86,6,77,5,53,4,49,3,52,3,84,6,95,7,106,8,112,7,160,11,120,9,73,5,109,7,135,10,55,4,108,8
"합계",도봉구,38,2,99,6,104,7,87,6,118,8,105,7,105,7,120,8,129,8,90,6,77,5,56,4,87,6,81,5,131,9,136,10,145,10,148,10,204,14,204,15,153,11,123,9,106,7,98,7,68,4,115,7,163,11,176,12,145,10,218,15,244,17,136,9,186,13,215,14,83,6,141,10
"합계",노원구,95,6,176,11,206,12,180,12,264,16,270,17,268,18,320,20,288,18,231,14,207,13,142,9,179,11,202,12,263,17,350,22,330,22,380,24,665,43,589,39,396,27,297,19,306,18,256,16,191,12,314,19,537,33,467,29,499,31,743,46,587,38,331,21,497,30,760,49,229,15,435,27
"합계",은평구,47,3,81,5,357,17,138,10,147,11,142,11,140,11,169,13,149,11,107,8,96,7,65,5,81,6,98,7,154,11,221,16,214,16,325,22,303,21,282,20,181,13,141,10,126,9,162,9,102,7,149,10,242,17,220,16,227,16,359,26,308,21,176,12,249,19,462,34,182,13,217,15
"합계",서대문구,36,2,166,9,114,8,114,8,120,9,150,12,124,9,172,12,172,13,108,8,75,6,56,4,84,6,97,7,110,8,185,14,184,14,248,18,420,33,280,21,181,13,151,11,131,9,206,11,212,12,145,10,317,24,272,20,272,20,519,39,292,22,116,8,259,19,514,40,172,13,232,17
"합계",마포구,100,4,83,5,122,9,122,9,176,13,181,14,183,13,188,14,163,12,106,8,84,6,68,5,101,8,113,9,157,11,263,19,260,19,306,23,466,36,376,29,203,16,168,13,159,12,130,10,146,11,227,17,550,42,423,32,402,31,661,52,359,29,139,10,333,25,673,52,133,11,124,9
"합계",양천구,35,3,105,8,122,9,144,10,147,11,165,13,161,13,198,15,188,15,132,11,129,11,89,7,100,8,136,11,157,13,154,12,213,17,234,18,395,31,406,32,270,21,182,14,157,13,165,13,103,8,173,13,425,33,371,31,339,28,556,45,335,27,94,7,293,23,548,44,164,12,244,18
"합계",강서구,55,4,106,7,164,11,168,11,171,12,222,16,170,12,209,13,184,13,156,11,138,9,105,7,126,8,154,10,151,10,248,17,272,19,288,21,431,31,394,28,249,18,195,14,170,12,160,11,168,11,219,14,389,26,384,27,445,26,580,42,445,30,220,15,419,28,797,58,198,14,253,19
"합계",구로구,41,2,71,5,123,8,140,9,160,11,151,10,149,11,152,11,151,11,145,10,105,7,85,6,121,8,125,9,171,12,233,16,229,16,217,16,307,22,283,20,168,12,181,12,151,10,116,8,134,9,168,12,346,24,284,20,482,25,628,36,324,24,179,12,293,21,441,33,151,11,290,22
"합계",금천구,13,1,22,2,60,4,41,3,53,4,63,4,62,5,62,4,57,4,50,3,42,3,31,2,44,3,50,3,56,4,60,4,67,5,63,4,123,9,90,6,73,5,47,3,42,3,52,4,36,3,64,5,84,6,71,5,67,5,121,9,89,6,61,4,77,6,114,8,52,4,73,5
"합계",영등포구,37,2,98,6,182,12,192,14,189,14,197,15,293,17,184,13,194,15,152,11,119,8,72,6,122,9,125,9,167,12,271,22,322,26,299,23,484,38,438,35,257,21,237,20,179,13,191,14,166,13,255,18,536,43,419,32,458,35,634,50,499,38,209,15,374,28,601,47,195,16,199,14
"합계",동작구,31,2,59,4,114,8,109,8,128,9,132,10,147,11,156,12,155,12,104,8,86,6,63,4,131,9,127,10,139,10,222,17,205,16,243,19,469,37,325,26,191,16,167,13,153,12,152,12,164,12,212,16,517,40,451,33,418,33,623,51,365,30,156,12,331,26,606,52,157,13,134,10
"합계",관악구,22,1,39,2,77,6,88,5,95,7,288,17,99,7,121,9,116,9,93,7,62,4,55,3,70,5,78,6,113,8,140,11,123,9,175,12,260,19,176,13,118,9,127,9,92,6,89,6,75,5,142,10,223,16,207,15,217,16,303,23,202,15,118,8,256,18,350,26,118,9,177,14
"합계",서초구,31,3,83,8,136,12,131,12,178,15,175,15,195,18,198,19,199,19,137,13,109,10,72,7,85,8,100,8,153,13,241,22,266,23,359,32,555,50,378,36,219,20,244,22,292,28,203,18,257,23,252,23,470,44,439,41,399,37,178,16,342,32,222,22,124,12,154,14,262,24,186,17
"합계",강남구,70,6,128,10,205,16,186,17,260,22,293,25,270,23,291,25,236,20,251,18,134,12,119,10,151,13,182,16,192,16,269,24,346,31,328,29,610,52,532,48,373,34,285,25,289,26,256,23,197,19,331,29,906,78,502,45,246,24,389,34,604,54,193,16,215,18,260,21,379,33,262,21
"합계",송파구,98,8,233,18,265,21,242,19,338,28,295,23,291,24,277,21,290,24,208,17,135,12,135,11,184,15,170,14,246,21,352,29,403,33,441,38,705,59,588,50,415,36,251,22,289,26,285,25,224,19,389,33,724,61,837,71,271,23,367,31,849,72,232,19,257,20,501,43,647,54,370,30
"합계",강동구,83,6,182,14,199,14,198,15,254,19,256,19,192,14,254,18,213,15,162,12,103,7,89,7,143,10,154,11,189,14,253,18,279,20,441,32,715,47,364,27,280,21,178,13,200,15,271,15,149,11,318,23,601,45,438,33,390,29,864,66,511,39,239,17,568,43,887,68,221,17,184,14
